CUSIP,Security Type,Security Term,Auction Date,Issue Date,Maturity Date,Price,High Rate,Investment Rate
912797WC7,Bill,26-Week,08/24/2026,08/27/2026,02/25/2027,98.083944,0.03790,0.03918
912797SU2,Bill,13-Week,08/24/2026,08/27/2026,11/27/2026,99.050611,0.03715,0.03803
912797VM6,Bill,8-Week,08/20/2026,08/25/2026,10/20/2026,99.431444,0.03655,0.03727
912797VD6,Bill,4-Week,08/20/2026,08/25/2026,09/22/2026,99.716889,0.03640,0.03701
912797WG8,Bill,17-Week,08/19/2026,08/25/2026,12/22/2026,98.760417,0.03750,0.03850
912797SA6,Bill,6-Week,08/18/2026,08/20/2026,10/01/2026,99.574750,0.03645,0.03711
912797UZ8,Bill,13-Week,08/17/2026,08/20/2026,11/19/2026,99.060931,0.03715,0.03802
912797TV9,Bill,26-Week,08/17/2026,08/20/2026,02/18/2027,98.089000,0.03780,0.03907
912797VL8,Bill,8-Week,08/13/2026,08/18/2026,10/13/2026,99.429889,0.03665,0.03737
912797VC8,Bill,4-Week,08/13/2026,08/18/2026,09/15/2026,99.718056,0.03625,0.03686
912797WF0,Bill,17-Week,08/12/2026,08/18/2026,12/15/2026,98.758764,0.03755,0.03855
912797UH8,Bill,6-Week,08/11/2026,08/13/2026,09/24/2026,99.571833,0.03670,0.03737
912797WB9,Bill,26-Week,08/10/2026,08/13/2026,02/11/2027,98.063722,0.03830,0.03960
912797UY1,Bill,13-Week,08/10/2026,08/13/2026,11/12/2026,99.055875,0.03735,0.03823
912797VK0,Bill,8-Week,08/06/2026,08/11/2026,10/06/2026,99.422889,0.03710,0.03783
912797VB0,Bill,4-Week,08/06/2026,08/11/2026,09/08/2026,99.716889,0.03640,0.03701
912797WE3,Bill,17-Week,08/05/2026,08/11/2026,12/08/2026,98.748847,0.03785,0.03886
912797VR5,Bill,52-Week,08/04/2026,08/06/2026,08/05/2027,96.076889,0.03880,0.04054
912797UG0,Bill,6-Week,08/04/2026,08/06/2026,09/17/2026,99.575333,0.03640,0.03706
912797VV6,Bill,26-Week,08/03/2026,08/06/2026,02/04/2027,98.051083,0.03855,0.03986
912797UM7,Bill,13-Week,08/03/2026,08/06/2026,11/05/2026,99.052083,0.03750,0.03838
912797VE4,Bill,8-Week,07/30/2026,08/04/2026,09/29/2026,99.428333,0.03675,0.03747
912797UW5,Bill,4-Week,07/30/2026,08/04/2026,09/01/2026,99.717667,0.03630,0.03691
912797VZ7,Bill,17-Week,07/29/2026,08/04/2026,12/01/2026,98.719097,0.03875,0.03980
912797UF2,Bill,6-Week,07/28/2026,07/30/2026,09/10/2026,99.568333,0.03700,0.03768
912797VU8,Bill,26-Week,07/27/2026,07/30/2026,01/28/2027,98.005583,0.03945,0.04081
912797SK4,Bill,13-Week,07/27/2026,07/30/2026,10/29/2026,99.035653,0.03815,0.03906
912797VD6,Bill,8-Week,07/23/2026,07/28/2026,09/22/2026,99.409667,0.03795,0.03871
912797UV7,Bill,4-Week,07/23/2026,07/28/2026,08/25/2026,99.709889,0.03730,0.03793
912797VY0,Bill,17-Week,07/22/2026,07/28/2026,11/24/2026,98.729014,0.03845,0.03949
912797RS8,Bill,6-Week,07/21/2026,07/23/2026,09/03/2026,99.574167,0.03650,0.03717
912797UL9,Bill,13-Week,07/20/2026,07/23/2026,10/22/2026,99.057139,0.03730,0.03818
912797TM9,Bill,26-Week,07/20/2026,07/23/2026,01/21/2027,98.061194,0.03835,0.03965
912797VC8,Bill,8-Week,07/16/2026,07/21/2026,09/15/2026,99.432222,0.03650,0.03722
912797UU9,Bill,4-Week,07/16/2026,07/21/2026,08/18/2026,99.715333,0.03660,0.03721
912797VX2,Bill,17-Week,07/15/2026,07/21/2026,11/17/2026,98.762069,0.03745,0.03845
912797TY3,Bill,6-Week,07/14/2026,07/16/2026,08/27/2026,99.575333,0.03640,0.03706
912797VT1,Bill,26-Week,07/13/2026,07/16/2026,01/14/2027,98.048556,0.03860,0.03992
912797UK1,Bill,13-Week,07/13/2026,07/16/2026,10/15/2026,99.049556,0.03760,0.03849
912797VB0,Bill,8-Week,07/09/2026,07/14/2026,09/08/2026,99.434556,0.03635,0.03706
912797UT2,Bill,4-Week,07/09/2026,07/14/2026,08/11/2026,99.717667,0.03630,0.03691
912797VW4,Bill,17-Week,07/08/2026,07/14/2026,11/10/2026,98.747194,0.03790,0.03891
912797VQ7,Bill,52-Week,07/07/2026,07/09/2026,07/08/2027,96.097111,0.03860,0.04032
912797TX5,Bill,6-Week,07/07/2026,07/09/2026,08/20/2026,99.575917,0.03635,0.03701
912797VS3,Bill,26-Week,07/06/2026,07/09/2026,01/07/2027,98.063722,0.03830,0.03960
912797UJ4,Bill,13-Week,07/06/2026,07/09/2026,10/08/2026,99.055875,0.03735,0.03823
912797UW5,Bill,8-Week,07/02/2026,07/07/2026,09/01/2026,99.432222,0.03650,0.03722
912797US4,Bill,4-Week,07/02/2026,07/07/2026,08/04/2026,99.719611,0.03605,0.03665
912797VP9,Bill,17-Week,07/01/2026,07/07/2026,11/03/2026,98.745542,0.03795,0.03897
912797TW7,Bill,6-Week,06/30/2026,07/02/2026,08/13/2026,99.573583,0.03655,0.03722
912797VJ3,Bill,26-Week,06/29/2026,07/02/2026,12/31/2026,98.058667,0.03840,0.03970
912797SA6,Bill,13-Week,06/29/2026,07/02/2026,10/01/2026,99.054611,0.03740,0.03828
912797UV7,Bill,8-Week,06/25/2026,06/30/2026,08/25/2026,99.430667,0.03660,0.03732
912797UR6,Bill,4-Week,06/25/2026,06/30/2026,07/28/2026,99.719222,0.03610,0.03670
912797VN4,Bill,17-Week,06/24/2026,06/30/2026,10/27/2026,98.753806,0.03770,0.03871
912797RG4,Bill,6-Week,06/23/2026,06/25/2026,08/06/2026,99.577667,0.03620,0.03686
912797UH8,Bill,13-Week,06/22/2026,06/25/2026,09/24/2026,99.065986,0.03695,0.03782
912797TC1,Bill,26-Week,06/22/2026,06/25/2026,12/24/2026,98.058667,0.03840,0.03970
912797UU9,Bill,8-Week,06/18/2026,06/23/2026,08/18/2026,99.433778,0.03640,0.03712
912797UQ8,Bill,4-Week,06/18/2026,06/23/2026,07/21/2026,99.721556,0.03580,0.03640
912797VM6,Bill,17-Week,06/17/2026,06/23/2026,10/20/2026,98.786861,0.03670,0.03767
912797TQ0,Bill,6-Week,06/16/2026,06/18/2026,07/30/2026,99.580000,0.03600,0.03665
912797VH7,Bill,26-Week,06/15/2026,06/18/2026,12/17/2026,98.139556,0.03680,0.03802
912797UG0,Bill,13-Week,06/15/2026,06/18/2026,09/17/2026,99.079889,0.03640,0.03725
912797UT2,Bill,8-Week,06/11/2026,06/16/2026,08/11/2026,99.438444,0.03610,0.03681
912797UP0,Bill,4-Week,06/11/2026,06/16/2026,07/14/2026,99.720389,0.03595,0.03655
912797VL8,Bill,17-Week,06/10/2026,06/16/2026,10/13/2026,98.788514,0.03665,0.03761
912797VF1,Bill,52-Week,06/09/2026,06/11/2026,06/10/2027,96.208333,0.03750,0.03914
912797TP2,Bill,6-Week,06/09/2026,06/11/2026,07/23/2026,99.580000,0.03600,0.03665
912797VG9,Bill,26-Week,06/08/2026,06/11/2026,12/10/2026,98.134500,0.03690,0.03812
912797UF2,Bill,13-Week,06/08/2026,06/11/2026,09/10/2026,99.079889,0.03640,0.03725
912797US4,Bill,8-Week,06/04/2026,06/09/2026,08/04/2026,99.438444,0.03610,0.03681
912797UN5,Bill,4-Week,06/04/2026,06/09/2026,07/07/2026,99.718833,0.03615,0.03676
912797VK0,Bill,17-Week,06/03/2026,06/09/2026,10/06/2026,98.798431,0.03635,0.03730
912797TN7,Bill,6-Week,06/02/2026,06/04/2026,07/16/2026,99.577083,0.03625,0.03691
912797VA2,Bill,26-Week,06/01/2026,06/04/2026,12/03/2026,98.147139,0.03665,0.03786
912797RS8,Bill,13-Week,06/01/2026,06/04/2026,09/03/2026,99.082417,0.03630,0.03714
912797UR6,Bill,8-Week,05/28/2026,06/02/2026,07/28/2026,99.437667,0.03615,0.03686
912797UC9,Bill,4-Week,05/28/2026,06/02/2026,06/30/2026,99.717667,0.03630,0.03691
912797VE4,Bill,17-Week,05/27/2026,06/02/2026,09/29/2026,98.800083,0.03630,0.03725
912797TY3,Bill,13-Week,05/26/2026,05/28/2026,08/27/2026,99.091264,0.03595,0.03678
912797SU2,Bill,26-Week,05/26/2026,05/28/2026,11/27/2026,98.144583,0.03650,0.03771
912797RF6,Bill,6-Week,05/26/2026,05/28/2026,07/09/2026,99.577667,0.03620,0.03686
912797UQ8,Bill,8-Week,05/21/2026,05/26/2026,07/21/2026,99.440000,0.03600,0.03671
912797UB1,Bill,4-Week,05/21/2026,05/26/2026,06/23/2026,99.719222,0.03610,0.03670
912797TD9,Bill,27-Day,05/21/2026,05/22/2026,06/18/2026,99.729625,0.03605,0.03665
912797VD6,Bill,17-Week,05/20/2026,05/26/2026,09/22/2026,98.813306,0.03590,0.03684
912797TF4,Bill,6-Week,05/19/2026,05/21/2026,07/02/2026,99.582333,0.03580,0.03645
912797UZ8,Bill,26-Week,05/18/2026,05/21/2026,11/19/2026,98.172417,0.03615,0.03733
912797TX5,Bill,13-Week,05/18/2026,05/21/2026,08/20/2026,99.090000,0.03600,0.03684
912797UP0,Bill,8-Week,05/14/2026,05/19/2026,07/14/2026,99.438444,0.03610,0.03681
912797UA3,Bill,4-Week,05/14/2026,05/19/2026,06/16/2026,99.719611,0.03605,0.03665
912797VC8,Bill,17-Week,05/13/2026,05/19/2026,09/15/2026,98.805042,0.03615,0.03710
912797UX3,Bill,52-Week,05/12/2026,05/14/2026,05/13/2027,96.309444,0.03650,0.03806
912797TE7,Bill,6-Week,05/12/2026,05/14/2026,06/25/2026,99.578250,0.03615,0.03681
912797UY1,Bill,26-Week,05/11/2026,05/14/2026,11/12/2026,98.172417,0.03615,0.03733
912797TW7,Bill,13-Week,05/11/2026,05/14/2026,08/13/2026,99.087472,0.03610,0.03694
912797UN5,Bill,8-Week,05/07/2026,05/12/2026,07/07/2026,99.440778,0.03595,0.03665
912797TZ0,Bill,4-Week,05/07/2026,05/12/2026,06/09/2026,99.719222,0.03610,0.03670
912797VB0,Bill,17-Week,05/06/2026,05/12/2026,09/08/2026,98.808347,0.03605,0.03699
912797TD9,Bill,6-Week,05/05/2026,05/07/2026,06/18/2026,99.580583,0.03595,0.03660
912797UM7,Bill,26-Week,05/04/2026,05/07/2026,11/05/2026,98.174944,0.03610,0.03728
912797RG4,Bill,13-Week,05/04/2026,05/07/2026,08/06/2026,99.087472,0.03610,0.03694
912797UC9,Bill,8-Week,04/30/2026,05/05/2026,06/30/2026,99.436889,0.03620,0.03691
912797TU1,Bill,4-Week,04/30/2026,05/05/2026,06/02/2026,99.720000,0.03600,0.03660
912797UW5,Bill,17-Week,04/29/2026,05/05/2026,09/01/2026,98.803389,0.03620,0.03715
912797QX8,Bill,6-Week,04/28/2026,04/30/2026,06/11/2026,99.581167,0.03590,0.03655
912797TQ0,Bill,13-Week,04/27/2026,04/30/2026,07/30/2026,99.092528,0.03590,0.03673
912797SK4,Bill,26-Week,04/27/2026,04/30/2026,10/29/2026,98.185056,0.03590,0.03707
912797UB1,Bill,8-Week,04/23/2026,04/28/2026,06/23/2026,99.439222,0.03605,0.03676
912797TT4,Bill,4-Week,04/23/2026,04/28/2026,05/26/2026,99.720389,0.03595,0.03655
912797UV7,Bill,17-Week,04/22/2026,04/28/2026,08/25/2026,98.806694,0.03610,0.03704
912797SX6,Bill,6-Week,04/21/2026,04/23/2026,06/04/2026,99.578833,0.03610,0.03676
912797UL9,Bill,26-Week,04/20/2026,04/23/2026,10/22/2026,98.185056,0.03590,0.03707
912797TP2,Bill,13-Week,04/20/2026,04/23/2026,07/23/2026,99.087472,0.03610,0.03694
912797UA3,Bill,8-Week,04/16/2026,04/21/2026,06/16/2026,99.437667,0.03615,0.03686
912797TS6,Bill,4-Week,04/16/2026,04/21/2026,05/19/2026,99.720389,0.03595,0.03655
912797UU9,Bill,17-Week,04/15/2026,04/21/2026,08/18/2026,98.801736,0.03625,0.03720
912797UE5,Bill,52-Week,04/14/2026,04/16/2026,04/15/2027,96.400444,0.03560,0.03710
912797SW8,Bill,6-Week,04/14/2026,04/16/2026,05/28/2026,99.576500,0.03630,0.03696
912797UK1,Bill,26-Week,04/13/2026,04/16/2026,10/15/2026,98.174944,0.03610,0.03728
912797TN7,Bill,13-Week,04/13/2026,04/16/2026,07/16/2026,99.084944,0.03620,0.03704
912797TZ0,Bill,8-Week,04/09/2026,04/14/2026,06/09/2026,99.443889,0.03575,0.03645
912797TR8,Bill,4-Week,04/09/2026,04/14/2026,05/12/2026,99.723111,0.03560,0.03619
912797UT2,Bill,17-Week,04/08/2026,04/14/2026,08/11/2026,98.810000,0.03600,0.03694
912797SV0,Bill,6-Week,04/07/2026,04/09/2026,05/21/2026,99.578250,0.03615,0.03681
912797UJ4,Bill,26-Week,04/06/2026,04/09/2026,10/08/2026,98.172417,0.03615,0.03733
912797RF6,Bill,13-Week,04/06/2026,04/09/2026,07/09/2026,99.081153,0.03635,0.03720
912797TU1,Bill,8-Week,04/02/2026,04/07/2026,06/02/2026,99.436889,0.03620,0.03691
912797TL1,Bill,4-Week,04/02/2026,04/07/2026,05/05/2026,99.718444,0.03620,0.03681
912797US4,Bill,17-Week,04/01/2026,04/07/2026,08/04/2026,98.805042,0.03615,0.03710
912797QN0,Bill,6-Week,03/31/2026,04/02/2026,05/14/2026,99.574750,0.03645,0.03711
912797TF4,Bill,13-Week,03/30/2026,04/02/2026,07/02/2026,99.084944,0.03620,0.03704
912797SA6,Bill,26-Week,03/30/2026,04/02/2026,10/01/2026,98.177472,0.03605,0.03723
912797TT4,Bill,8-Week,03/26/2026,03/31/2026,05/26/2026,99.435333,0.03630,0.03701
912797TK3,Bill,4-Week,03/26/2026,03/31/2026,04/28/2026,99.718444,0.03620,0.03681
912797UR6,Bill,17-Week,03/25/2026,03/31/2026,07/28/2026,98.798431,0.03635,0.03730
912797SP3,Bill,6-Week,03/24/2026,03/26/2026,05/07/2026,99.575917,0.03635,0.03701
912797UH8,Bill,26-Week,03/23/2026,03/26/2026,09/24/2026,98.164833,0.03630,0.03749
912797TE7,Bill,13-Week,03/23/2026,03/26/2026,06/25/2026,99.081153,0.03635,0.03720
912797TS6,Bill,8-Week,03/19/2026,03/24/2026,05/19/2026,99.434556,0.03635,0.03706
912797TJ6,Bill,4-Week,03/19/2026,03/24/2026,04/21/2026,99.718833,0.03615,0.03676
912797UQ8,Bill,17-Week,03/18/2026,03/24/2026,07/21/2026,98.806694,0.03610,0.03704
912797UD7,Bill,52-Week,03/17/2026,03/19/2026,03/18/2027,96.476278,0.03485,0.03630
912797SN8,Bill,6-Week,03/17/2026,03/19/2026,04/30/2026,99.575917,0.03635,0.03701
912797UG0,Bill,26-Week,03/16/2026,03/19/2026,09/17/2026,98.195167,0.03570,0.03686
912797TD9,Bill,13-Week,03/16/2026,03/19/2026,06/18/2026,99.087472,0.03610,0.03694
912797TR8,Bill,8-Week,03/12/2026,03/17/2026,05/12/2026,99.436111,0.03625,0.03696
912797TH0,Bill,4-Week,03/12/2026,03/17/2026,04/14/2026,99.716889,0.03640,0.03701
912797UP0,Bill,17-Week,03/11/2026,03/17/2026,07/14/2026,98.810000,0.03600,0.03694
912797SM0,Bill,6-Week,03/10/2026,03/12/2026,04/23/2026,99.575917,0.03635,0.03701
912797UF2,Bill,26-Week,03/09/2026,03/12/2026,09/10/2026,98.212861,0.03535,0.03649
912797QX8,Bill,13-Week,03/09/2026,03/12/2026,06/11/2026,99.088736,0.03605,0.03689
912797TL1,Bill,8-Week,03/05/2026,03/10/2026,05/05/2026,99.435333,0.03630,0.03701
912797TG2,Bill,4-Week,03/05/2026,03/10/2026,04/07/2026,99.716889,0.03640,0.03701
912797UN5,Bill,17-Week,03/04/2026,03/10/2026,07/07/2026,98.813306,0.03590,0.03684
912797QD2,Bill,6-Week,03/03/2026,03/05/2026,04/16/2026,99.575333,0.03640,0.03706
912797SX6,Bill,13-Week,03/02/2026,03/05/2026,06/04/2026,99.087472,0.03610,0.03694
912797RS8,Bill,26-Week,03/02/2026,03/05/2026,09/03/2026,98.212861,0.03535,0.03649
912797TK3,Bill,8-Week,02/26/2026,03/03/2026,04/28/2026,99.435333,0.03630,0.03701
912797TB3,Bill,4-Week,02/26/2026,03/03/2026,03/31/2026,99.718056,0.03625,0.03686
912797UC9,Bill,17-Week,02/25/2026,03/03/2026,06/30/2026,98.813306,0.03590,0.03684
912797SL2,Bill,6-Week,02/24/2026,02/26/2026,04/09/2026,99.575917,0.03635,0.03701
912797TY3,Bill,26-Week,02/23/2026,02/26/2026,08/27/2026,98.217917,0.03525,0.03639
912797SW8,Bill,13-Week,02/23/2026,02/26/2026,05/28/2026,99.092528,0.03590,0.03673
912797TJ6,Bill,8-Week,02/19/2026,02/24/2026,04/21/2026,99.435333,0.03630,0.03701
912797TA5,Bill,4-Week,02/19/2026,02/24/2026,03/24/2026,99.718056,0.03625,0.03686
912797UB1,Bill,17-Week,02/18/2026,02/24/2026,06/23/2026,98.811653,0.03595,0.03689
912797TX5,Bill,26-Week,02/17/2026,02/19/2026,08/20/2026,98.230556,0.03500,0.03613
912797TV9,Bill,52-Week,02/17/2026,02/19/2026,02/18/2027,96.617833,0.03345,0.03480
912797SV0,Bill,13-Week,02/17/2026,02/19/2026,05/21/2026,99.090000,0.03600,0.03684
912797SD0,Bill,6-Week,02/17/2026,02/19/2026,04/02/2026,99.575333,0.03640,0.03706
912797TH0,Bill,8-Week,02/12/2026,02/17/2026,04/14/2026,99.435333,0.03630,0.03701
912797SZ1,Bill,4-Week,02/12/2026,02/17/2026,03/17/2026,99.717667,0.03630,0.03691
912797UA3,Bill,17-Week,02/11/2026,02/17/2026,06/16/2026,98.811653,0.03595,0.03689
912797SC2,Bill,6-Week,02/10/2026,02/12/2026,03/26/2026,99.575917,0.03635,0.03701
912797TW7,Bill,26-Week,02/09/2026,02/12/2026,08/13/2026,98.230556,0.03500,0.03613
912797QN0,Bill,13-Week,02/09/2026,02/12/2026,05/14/2026,99.090000,0.03600,0.03684
912797TG2,Bill,8-Week,02/05/2026,02/10/2026,04/07/2026,99.435333,0.03630,0.03701
912797SY4,Bill,4-Week,02/05/2026,02/10/2026,03/10/2026,99.717667,0.03630,0.03691
912797TZ0,Bill,17-Week,02/04/2026,02/10/2026,06/09/2026,98.811653,0.03595,0.03689
912797PV3,Bill,6-Week,02/03/2026,02/05/2026,03/19/2026,99.575333,0.03640,0.03706
912797SP3,Bill,13-Week,02/02/2026,02/05/2026,05/07/2026,99.090000,0.03600,0.03684
912797RG4,Bill,26-Week,02/02/2026,02/05/2026,08/06/2026,98.217917,0.03525,0.03639
912797TB3,Bill,8-Week,01/29/2026,02/03/2026,03/31/2026,99.434556,0.03635,0.03706
912797ST5,Bill,4-Week,01/29/2026,02/03/2026,03/03/2026,99.717667,0.03630,0.03691
912797TU1,Bill,17-Week,01/28/2026,02/03/2026,06/02/2026,98.813306,0.03590,0.03684
912797SB4,Bill,6-Week,01/27/2026,01/29/2026,03/12/2026,99.575917,0.03635,0.03701
912797TQ0,Bill,26-Week,01/26/2026,01/29/2026,07/30/2026,98.217917,0.03525,0.03639
912797SN8,Bill,13-Week,01/26/2026,01/29/2026,04/30/2026,99.095056,0.03580,0.03663
912797TA5,Bill,8-Week,01/22/2026,01/27/2026,03/24/2026,99.435333,0.03630,0.03701
912797SS7,Bill,4-Week,01/22/2026,01/27/2026,02/24/2026,99.717667,0.03630,0.03691
912797TT4,Bill,17-Week,01/21/2026,01/27/2026,05/26/2026,98.816611,0.03580,0.03673
912797TP2,Bill,26-Week,01/20/2026,01/22/2026,07/23/2026,98.220444,0.03520,0.03634
912797TM9,Bill,52-Week,01/20/2026,01/22/2026,01/21/2027,96.572333,0.03390,0.03528
912797SM0,Bill,13-Week,01/20/2026,01/22/2026,04/23/2026,99.092528,0.03590,0.03673
912797RV1,Bill,6-Week,01/20/2026,01/22/2026,03/05/2026,99.576500,0.03630,0.03696
912797SZ1,Bill,8-Week,01/15/2026,01/20/2026,03/17/2026,99.440000,0.03600,0.03671
912797SR9,Bill,4-Week,01/15/2026,01/20/2026,02/17/2026,99.720389,0.03595,0.03655
912797TS6,Bill,17-Week,01/14/2026,01/20/2026,05/19/2026,98.823222,0.03560,0.03652
912797RU3,Bill,6-Week,01/13/2026,01/15/2026,02/26/2026,99.581750,0.03585,0.03650
912797TN7,Bill,26-Week,01/12/2026,01/15/2026,07/16/2026,98.235611,0.03490,0.03602
912797QD2,Bill,13-Week,01/12/2026,01/15/2026,04/16/2026,99.097583,0.03570,0.03653
912797SY4,Bill,8-Week,01/08/2026,01/13/2026,03/10/2026,99.449333,0.03540,0.03609
912797SQ1,Bill,4-Week,01/08/2026,01/13/2026,02/10/2026,99.723889,0.03550,0.03609
912797TR8,Bill,17-Week,01/07/2026,01/13/2026,05/12/2026,98.839750,0.03510,0.03601
912797PM3,Bill,6-Week,01/06/2026,01/08/2026,02/19/2026,99.584667,0.03560,0.03624
912797SL2,Bill,13-Week,01/05/2026,01/08/2026,04/09/2026,99.105167,0.03540,0.03622
912797RF6,Bill,26-Week,01/05/2026,01/08/2026,07/09/2026,98.243194,0.03475,0.03586
912797TL1,Bill,17-Week,12/31/2025,01/06/2026,05/05/2026,98.829833,0.03540,0.03632
912797ST5,Bill,8-Week,12/31/2025,01/06/2026,03/03/2026,99.443111,0.03580,0.03650
912797SJ7,Bill,4-Week,12/31/2025,01/06/2026,02/03/2026,99.720778,0.03590,0.03650
912797RT6,Bill,6-Week,12/30/2025,01/02/2026,02/12/2026,99.592847,0.03575,0.03639
912797TF4,Bill,26-Week,12/29/2025,01/02/2026,07/02/2026,98.240278,0.03500,0.03612
912797SD0,Bill,13-Week,12/29/2025,01/02/2026,04/02/2026,99.107500,0.03570,0.03652
912797TK3,Bill,17-Week,12/24/2025,12/30/2025,04/28/2026,98.824875,0.03555,0.03647
912797SS7,Bill,8-Week,12/24/2025,12/30/2025,02/24/2026,99.442333,0.03585,0.03655
912797SH1,Bill,4-Week,12/24/2025,12/30/2025,01/27/2026,99.722333,0.03570,0.03630
912797TC1,Bill,52-Week,12/23/2025,12/26/2025,12/24/2026,96.591833,0.03380,0.03517
912797RL3,Bill,6-Week,12/23/2025,12/26/2025,02/05/2026,99.592278,0.03580,0.03645
912797TE7,Bill,26-Week,12/22/2025,12/26/2025,06/25/2026,98.247819,0.03485,0.03596
912797SC2,Bill,13-Week,12/22/2025,12/26/2025,03/26/2026,99.110000,0.03560,0.03642
912797SR9,Bill,8-Week,12/18/2025,12/23/2025,02/17/2026,99.442333,0.03585,0.03655
912797SG3,Bill,4-Week,12/18/2025,12/23/2025,01/20/2026,99.721556,0.03580,0.03640
912797TJ6,Bill,17-Week,12/17/2025,12/23/2025,04/21/2026,98.829833,0.03540,0.03632
912797RK5,Bill,6-Week,12/16/2025,12/18/2025,01/29/2026,99.577083,0.03625,0.03691
912797TD9,Bill,26-Week,12/15/2025,12/18/2025,06/18/2026,98.233083,0.03495,0.03607
912797PV3,Bill,13-Week,12/15/2025,12/18/2025,03/19/2026,99.100111,0.03560,0.03642
912797SQ1,Bill,8-Week,12/11/2025,12/16/2025,02/10/2026,99.438444,0.03610,0.03681
912797SF5,Bill,4-Week,12/11/2025,12/16/2025,01/13/2026,99.719222,0.03610,0.03670
912797TH0,Bill,17-Week,12/10/2025,12/16/2025,04/14/2026,98.806694,0.03610,0.03704
912797PD3,Bill,6-Week,12/09/2025,12/11/2025,01/22/2026,99.574167,0.03650,0.03717
912797SB4,Bill,13-Week,12/08/2025,12/11/2025,03/12/2026,99.077361,0.03650,0.03735
912797QX8,Bill,26-Week,12/08/2025,12/11/2025,06/11/2026,98.190111,0.03580,0.03697
912797SJ7,Bill,8-Week,12/04/2025,12/09/2025,02/03/2026,99.436889,0.03620,0.03691
912797SE8,Bill,4-Week,12/04/2025,12/09/2025,01/06/2026,99.713778,0.03680,0.03742
912797A72,Bill,2-Day,12/04/2025,12/08/2025,12/10/2025,99.979333,0.03720,0.03773
912797TG2,Bill,17-Week,12/03/2025,12/09/2025,04/07/2026,98.803389,0.03620,0.03715
912797RJ8,Bill,6-Week,12/02/2025,12/04/2025,01/15/2026,99.568333,0.03700,0.03768
912797SX6,Bill,26-Week,12/01/2025,12/04/2025,06/04/2026,98.162306,0.03635,0.03754
912797RV1,Bill,13-Week,12/01/2025,12/04/2025,03/05/2026,99.058403,0.03725,0.03813
912797TB3,Bill,17-Week,11/26/2025,12/02/2025,03/31/2026,98.763722,0.03740,0.03839
912797SH1,Bill,8-Week,11/26/2025,12/02/2025,01/27/2026,99.402667,0.03840,0.03917
912797RZ2,Bill,4-Week,11/26/2025,12/02/2025,12/30/2025,99.696278,0.03905,0.03971
912797SU2,Bill,52-Week,11/25/2025,11/28/2025,11/27/2026,96.501556,0.03460,0.03603
912797RH2,Bill,6-Week,11/25/2025,11/28/2025,01/08/2026,99.561528,0.03850,0.03921
912797SW8,Bill,26-Week,11/24/2025,11/28/2025,05/28/2026,98.154806,0.03670,0.03791
912797RU3,Bill,13-Week,11/24/2025,11/28/2025,02/26/2026,99.063750,0.03745,0.03833
912797SG3,Bill,8-Week,11/20/2025,11/25/2025,01/20/2026,99.401111,0.03850,0.03927
912797RY5,Bill,4-Week,11/20/2025,11/25/2025,12/23/2025,99.697444,0.03890,0.03956
912797TA5,Bill,17-Week,11/19/2025,11/25/2025,03/24/2026,98.760417,0.03750,0.03850
912797RA7,Bill,6-Week,11/18/2025,11/20/2025,01/02/2026,99.540139,0.03850,0.03922
912797SV0,Bill,26-Week,11/17/2025,11/20/2025,05/21/2026,98.124389,0.03710,0.03833
912797PM3,Bill,13-Week,11/17/2025,11/20/2025,02/19/2026,99.040708,0.03795,0.03885
912797SF5,Bill,8-Week,11/13/2025,11/18/2025,01/13/2026,99.403444,0.03835,0.03912
912797RX7,Bill,4-Week,11/13/2025,11/18/2025,12/16/2025,99.696667,0.03900,0.03966
912797SZ1,Bill,17-Week,11/12/2025,11/18/2025,03/17/2026,98.760417,0.03750,0.03850
912797RT6,Bill,13-Week,11/10/2025,11/13/2025,02/12/2026,99.044500,0.03780,0.03869
912797QN0,Bill,26-Week,11/10/2025,11/13/2025,05/14/2026,98.134500,0.03690,0.03812
912797NU7,Bill,6-Week,11/10/2025,11/13/2025,12/26/2025,99.535361,0.03890,0.03962
912797SE8,Bill,8-Week,11/06/2025,11/12/2025,01/06/2026,99.417153,0.03815,0.03891
912797RW9,Bill,4-Week,11/06/2025,11/12/2025,12/09/2025,99.709375,0.03875,0.03940
912797SY4,Bill,17-Week,11/05/2025,11/12/2025,03/10/2026,98.764278,0.03770,0.03870
912797QZ3,Bill,6-Week,11/04/2025,11/06/2025,12/18/2025,99.545000,0.03900,0.03972
912797SP3,Bill,26-Week,11/03/2025,11/06/2025,05/07/2026,98.129444,0.03700,0.03823
912797RL3,Bill,13-Week,11/03/2025,11/06/2025,02/05/2026,99.035653,0.03815,0.03906
912797RZ2,Bill,8-Week,10/30/2025,11/04/2025,12/30/2025,99.394889,0.03890,0.03968
912797RR0,Bill,4-Week,10/30/2025,11/04/2025,12/02/2025,99.695889,0.03910,0.03976
912797ST5,Bill,17-Week,10/29/2025,11/04/2025,03/03/2026,98.775292,0.03705,0.03803
912797SK4,Bill,52-Week,10/28/2025,10/30/2025,10/29/2026,96.516722,0.03445,0.03587
912797QY6,Bill,6-Week,10/28/2025,10/30/2025,12/11/2025,99.547333,0.03880,0.03952
912797SN8,Bill,26-Week,10/27/2025,10/30/2025,04/30/2026,98.159778,0.03640,0.03760
912797RK5,Bill,13-Week,10/27/2025,10/30/2025,01/29/2026,99.057139,0.03730,0.03818
912797RY5,Bill,8-Week,10/23/2025,10/28/2025,12/23/2025,99.393333,0.03900,0.03978
912797RQ2,Bill,4-Week,10/23/2025,10/28/2025,11/25/2025,99.693167,0.03945,0.04012
912797SS7,Bill,17-Week,10/22/2025,10/28/2025,02/24/2026,98.765375,0.03735,0.03834
912797QS9,Bill,6-Week,10/21/2025,10/23/2025,12/04/2025,99.540333,0.03940,0.04013
912797SM0,Bill,26-Week,10/20/2025,10/23/2025,04/23/2026,98.149667,0.03660,0.03781
912797PD3,Bill,13-Week,10/20/2025,10/23/2025,01/22/2026,99.036917,0.03810,0.03900
912797RX7,Bill,8-Week,10/16/2025,10/21/2025,12/16/2025,99.384000,0.03960,0.04040
912797RP4,Bill,4-Week,10/16/2025,10/21/2025,11/18/2025,99.686556,0.04030,0.04099
912797SR9,Bill,17-Week,10/15/2025,10/21/2025,02/17/2026,98.740583,0.03810,0.03912
912797RJ8,Bill,13-Week,10/14/2025,10/16/2025,01/15/2026,99.028069,0.03845,0.03937
912797QD2,Bill,26-Week,10/14/2025,10/16/2025,04/16/2026,98.137028,0.03685,0.03807
912797NL7,Bill,6-Week,10/14/2025,10/16/2025,11/28/2025,99.521028,0.04010,0.04085
912797RW9,Bill,8-Week,10/09/2025,10/14/2025,12/09/2025,99.384778,0.03955,0.04035
912797RN9,Bill,4-Week,10/09/2025,10/14/2025,11/12/2025,99.675361,0.04030,0.04099
912797SQ1,Bill,17-Week,10/08/2025,10/14/2025,02/10/2026,98.752153,0.03775,0.03876
912797QR1,Bill,6-Week,10/07/2025,10/09/2025,11/20/2025,99.533333,0.04000,0.04075
912797SL2,Bill,26-Week,10/06/2025,10/09/2025,04/09/2026,98.131972,0.03695,0.03818
912797RH2,Bill,13-Week,10/06/2025,10/09/2025,01/08/2026,99.026806,0.03850,0.03942
912797RR0,Bill,8-Week,10/02/2025,10/07/2025,12/02/2025,99.384000,0.03960,0.04040
912797RM1,Bill,4-Week,10/02/2025,10/07/2025,11/04/2025,99.684222,0.04060,0.04129
912797SJ7,Bill,17-Week,10/01/2025,10/07/2025,02/03/2026,98.748847,0.03785,0.03886
912797SA6,Bill,52-Week,09/30/2025,10/02/2025,10/01/2026,96.420667,0.03540,0.03688
912797QQ3,Bill,6-Week,09/30/2025,10/02/2025,11/13/2025,99.531000,0.04020,0.04095
912797SD0,Bill,26-Week,09/29/2025,10/02/2025,04/02/2026,98.121861,0.03715,0.03839
912797RA7,Bill,13-Week,09/29/2025,10/02/2025,01/02/2026,99.013556,0.03860,0.03953
912797RQ2,Bill,8-Week,09/25/2025,09/30/2025,11/25/2025,99.377778,0.04000,0.04081
912797RE9,Bill,4-Week,09/25/2025,09/30/2025,10/28/2025,99.682667,0.04080,0.04150
912797SH1,Bill,17-Week,09/24/2025,09/30/2025,01/27/2026,98.742236,0.03805,0.03907
912797QP5,Bill,6-Week,09/23/2025,09/25/2025,11/06/2025,99.532167,0.04010,0.04085
912797SC2,Bill,26-Week,09/22/2025,09/25/2025,03/26/2026,98.126917,0.03705,0.03828
912797NU7,Bill,13-Week,09/22/2025,09/25/2025,12/26/2025,99.013556,0.03860,0.03953
912797RP4,Bill,8-Week,09/18/2025,09/23/2025,11/18/2025,99.383222,0.03965,0.04045
912797RD1,Bill,4-Week,09/18/2025,09/23/2025,10/21/2025,99.685778,0.04040,0.04109
912797SG3,Bill,17-Week,09/17/2025,09/23/2025,01/20/2026,98.738931,0.03815,0.03917
912797NA1,Bill,6-Week,09/16/2025,09/18/2025,10/30/2025,99.528667,0.04040,0.04116
912797QZ3,Bill,13-Week,09/15/2025,09/18/2025,12/18/2025,99.012903,0.03905,0.03999
912797PV3,Bill,26-Week,09/15/2025,09/18/2025,03/19/2026,98.121861,0.03715,0.03839
912797RN9,Bill,8-Week,09/11/2025,09/16/2025,11/12/2025,99.366667,0.04000,0.04081
912797RC3,Bill,4-Week,09/11/2025,09/16/2025,10/14/2025,99.684222,0.04060,0.04129
912797SF5,Bill,17-Week,09/10/2025,09/16/2025,01/13/2026,98.727361,0.03850,0.03954
912797QG5,Bill,6-Week,09/09/2025,09/11/2025,10/23/2025,99.522833,0.04090,0.04167
912797SB4,Bill,26-Week,09/08/2025,09/11/2025,03/12/2026,98.114278,0.03730,0.03854
912797QY6,Bill,13-Week,09/08/2025,09/11/2025,12/11/2025,99.004056,0.03940,0.04035
912797RM1,Bill,8-Week,09/04/2025,09/09/2025,11/04/2025,99.362222,0.04100,0.04184
912797RB5,Bill,4-Week,09/04/2025,09/09/2025,10/07/2025,99.675278,0.04175,0.04247
912797SE8,Bill,17-Week,09/03/2025,09/09/2025,01/06/2026,98.689347,0.03965,0.04073
912797RV1,Bill,26-Week,09/02/2025,09/04/2025,03/05/2026,98.038444,0.03880,0.04013
912797RS8,Bill,52-Week,09/02/2025,09/04/2025,09/03/2026,96.299333,0.03660,0.03817
912797QS9,Bill,13-Week,09/02/2025,09/04/2025,12/04/2025,98.977514,0.04045,0.04144
912797QF7,Bill,6-Week,09/02/2025,09/04/2025,10/16/2025,99.511167,0.04190,0.04269
912797RE9,Bill,8-Week,08/28/2025,09/02/2025,10/28/2025,99.355222,0.04145,0.04230
912797QW0,Bill,4-Week,08/28/2025,09/02/2025,09/30/2025,99.669833,0.04245,0.04318
912797RZ2,Bill,17-Week,08/27/2025,09/02/2025,12/30/2025,98.671167,0.04020,0.04131
912797QE0,Bill,6-Week,08/26/2025,08/28/2025,10/09/2025,99.508833,0.04210,0.04290
912797RU3,Bill,26-Week,08/25/2025,08/28/2025,02/26/2026,98.020750,0.03915,0.04050
912797NL7,Bill,13-Week,08/25/2025,08/28/2025,11/28/2025,98.952222,0.04100,0.04201
912797RD1,Bill,8-Week,08/21/2025,08/26/2025,10/21/2025,99.343556,0.04220,0.04307
912797QV2,Bill,4-Week,08/21/2025,08/26/2025,09/23/2025,99.665556,0.04300,0.04374
912797RY5,Bill,17-Week,08/20/2025,08/26/2025,12/23/2025,98.661250,0.04050,0.04162
912797MS3,Bill,6-Week,08/19/2025,08/21/2025,10/02/2025,99.504750,0.04245,0.04325
912797QR1,Bill,13-Week,08/18/2025,08/21/2025,11/20/2025,98.956028,0.04130,0.04232
912797PM3,Bill,26-Week,08/18/2025,08/21/2025,02/19/2026,98.005583,0.03945,0.04081
912797RC3,Bill,8-Week,08/14/2025,08/19/2025,10/14/2025,99.349000,0.04185,0.04271
912797QU4,Bill,4-Week,08/14/2025,08/19/2025,09/16/2025,99.667111,0.04280,0.04354
912797RX7,Bill,17-Week,08/13/2025,08/19/2025,12/16/2025,98.661250,0.04050,0.04162
912797PY7,Bill,6-Week,08/12/2025,08/14/2025,09/25/2025,99.502417,0.04265,0.04346
912797RT6,Bill,26-Week,08/11/2025,08/14/2025,02/12/2026,97.992944,0.03970,0.04108
912797QQ3,Bill,13-Week,08/11/2025,08/14/2025,11/13/2025,98.950972,0.04150,0.04252
912797RB5,Bill,8-Week,08/07/2025,08/12/2025,10/07/2025,99.341222,0.04235,0.04322
912797QT7,Bill,4-Week,08/07/2025,08/12/2025,09/09/2025,99.665556,0.04300,0.04374
912797RW9,Bill,17-Week,08/06/2025,08/12/2025,12/09/2025,98.643069,0.04105,0.04219
912797RG4,Bill,52-Week,08/05/2025,08/07/2025,08/06/2026,96.198222,0.03760,0.03924
912797PX9,Bill,6-Week,08/05/2025,08/07/2025,09/18/2025,99.498333,0.04300,0.04382
912797RL3,Bill,26-Week,08/04/2025,08/07/2025,02/05/2026,97.987889,0.03980,0.04118
912797QP5,Bill,13-Week,08/04/2025,08/07/2025,11/06/2025,98.947181,0.04165,0.04268
912797QW0,Bill,8-Week,07/31/2025,08/05/2025,09/30/2025,99.332667,0.04290,0.04379
912797QM2,Bill,4-Week,07/31/2025,08/05/2025,09/02/2025,99.666333,0.04290,0.04364
912797RR0,Bill,17-Week,07/30/2025,08/05/2025,12/02/2025,98.608361,0.04210,0.04329
912797PW1,Bill,6-Week,07/29/2025,07/31/2025,09/11/2025,99.501833,0.04270,0.04351
912797RK5,Bill,26-Week,07/28/2025,07/31/2025,01/29/2026,97.917111,0.04120,0.04266
912797NA1,Bill,13-Week,07/28/2025,07/31/2025,10/30/2025,98.929486,0.04235,0.04340
912797QV2,Bill,8-Week,07/24/2025,07/29/2025,09/23/2025,99.336556,0.04265,0.04353
912797QL4,Bill,4-Week,07/24/2025,07/29/2025,08/26/2025,99.669833,0.04245,0.04318
912797RQ2,Bill,17-Week,07/23/2025,07/29/2025,11/25/2025,98.603403,0.04225,0.04344
912797MH7,Bill,6-Week,07/22/2025,07/24/2025,09/04/2025,99.503000,0.04260,0.04341
912797QG5,Bill,13-Week,07/21/2025,07/24/2025,10/23/2025,98.928222,0.04240,0.04345
912797PD3,Bill,26-Week,07/21/2025,07/24/2025,01/22/2026,97.919639,0.04115,0.04261
912797QU4,Bill,8-Week,07/17/2025,07/22/2025,09/16/2025,99.335778,0.04270,0.04358
912797QK6,Bill,4-Week,07/17/2025,07/22/2025,08/19/2025,99.671000,0.04230,0.04303
912797RP4,Bill,17-Week,07/16/2025,07/22/2025,11/18/2025,98.601750,0.04230,0.04350
912797PQ4,Bill,6-Week,07/15/2025,07/17/2025,08/28/2025,99.503000,0.04260,0.04341
912797RJ8,Bill,26-Week,07/14/2025,07/17/2025,01/15/2026,97.914583,0.04125,0.04271
912797QF7,Bill,13-Week,07/14/2025,07/17/2025,10/16/2025,98.926958,0.04245,0.04351
912797QT7,Bill,8-Week,07/10/2025,07/15/2025,09/09/2025,99.335000,0.04275,0.04363
912797QJ9,Bill,4-Week,07/10/2025,07/15/2025,08/12/2025,99.670611,0.04235,0.04308
912797RN9,Bill,17-Week,07/09/2025,07/15/2025,11/12/2025,98.590000,0.04230,0.04350
912797RF6,Bill,52-Week,07/08/2025,07/10/2025,07/09/2026,96.031389,0.03925,0.04102
912797PP6,Bill,6-Week,07/08/2025,07/10/2025,08/21/2025,99.502417,0.04265,0.04346
912797RH2,Bill,26-Week,07/07/2025,07/10/2025,01/08/2026,97.904472,0.04145,0.04293
912797QE0,Bill,13-Week,07/07/2025,07/10/2025,10/09/2025,98.924431,0.04255,0.04361
912797QV2,Bill,77-Day,07/03/2025,07/08/2025,09/23/2025,99.083486,0.04285,0.04385
912797QM2,Bill,8-Week,07/03/2025,07/08/2025,09/02/2025,99.331111,0.04300,0.04389
912797QH3,Bill,4-Week,07/03/2025,07/08/2025,08/05/2025,99.670222,0.04240,0.04313
912797RM1,Bill,17-Week,07/02/2025,07/08/2025,11/04/2025,98.616625,0.04185,0.04303
912797PN1,Bill,6-Week,07/01/2025,07/03/2025,08/14/2025,99.493667,0.04340,0.04423
912797RA7,Bill,26-Week,06/30/2025,07/03/2025,01/02/2026,97.910750,0.04110,0.04256
912797MS3,Bill,13-Week,06/30/2025,07/03/2025,10/02/2025,98.929486,0.04235,0.04340
912797QU4,Bill,77-Day,06/26/2025,07/01/2025,09/16/2025,99.090972,0.04250,0.04349
912797QL4,Bill,8-Week,06/26/2025,07/01/2025,08/26/2025,99.317111,0.04390,0.04482
912797QC4,Bill,4-Week,06/26/2025,07/01/2025,07/29/2025,99.688889,0.04000,0.04068
912797RE9,Bill,17-Week,06/25/2025,07/01/2025,10/28/2025,98.613319,0.04195,0.04313
912797MG9,Bill,6-Week,06/24/2025,06/26/2025,08/07/2025,99.484333,0.04420,0.04505
912797PY7,Bill,13-Week,06/23/2025,06/26/2025,09/25/2025,98.939597,0.04195,0.04299
912797NU7,Bill,26-Week,06/23/2025,06/26/2025,12/26/2025,97.905667,0.04120,0.04267
912797RD1,Bill,17-Week,06/18/2025,06/24/2025,10/21/2025,98.600097,0.04235,0.04355
912797QK6,Bill,8-Week,06/18/2025,06/24/2025,08/19/2025,99.304667,0.04470,0.04564
912797QB6,Bill,4-Week,06/18/2025,06/24/2025,07/22/2025,99.684222,0.04060,0.04129
912797PG6,Bill,6-Week,06/17/2025,06/20/2025,07/31/2025,99.523944,0.04180,0.04258
912797QZ3,Bill,26-Week,06/16/2025,06/20/2025,12/18/2025,97.910958,0.04155,0.04303
912797PX9,Bill,13-Week,06/16/2025,06/20/2025,09/18/2025,98.940000,0.04240,0.04345
912797QJ9,Bill,8-Week,06/12/2025,06/17/2025,08/12/2025,99.318667,0.04380,0.04471
912797QA8,Bill,4-Week,06/12/2025,06/17/2025,07/15/2025,99.682667,0.04080,0.04150
912797RC3,Bill,17-Week,06/11/2025,06/17/2025,10/14/2025,98.605056,0.04220,0.04339
912797QX8,Bill,52-Week,06/10/2025,06/12/2025,06/11/2026,96.016222,0.03940,0.04118
912797PF8,Bill,6-Week,06/10/2025,06/12/2025,07/24/2025,99.510583,0.04195,0.04274
912797QY6,Bill,26-Week,06/09/2025,06/12/2025,12/11/2025,97.901944,0.04150,0.04298
912797PW1,Bill,13-Week,06/09/2025,06/12/2025,09/11/2025,98.925694,0.04250,0.04356
912797QH3,Bill,8-Week,06/05/2025,06/10/2025,08/05/2025,99.342778,0.04225,0.04312
912797PZ4,Bill,4-Week,06/05/2025,06/10/2025,07/08/2025,99.675667,0.04170,0.04242
912797RB5,Bill,17-Week,06/04/2025,06/10/2025,10/07/2025,98.610014,0.04205,0.04323
912797PE1,Bill,6-Week,06/03/2025,06/05/2025,07/17/2025,99.507083,0.04225,0.04305
912797QS9,Bill,26-Week,06/02/2025,06/05/2025,12/04/2025,97.901944,0.04150,0.04298
912797MH7,Bill,13-Week,06/02/2025,06/05/2025,09/04/2025,98.925694,0.04250,0.04356
912797QC4,Bill,8-Week,05/29/2025,06/03/2025,07/29/2025,99.342778,0.04225,0.04312
912797PU5,Bill,4-Week,05/29/2025,06/03/2025,07/01/2025,99.672167,0.04215,0.04288
912797QW0,Bill,17-Week,05/28/2025,06/03/2025,09/30/2025,98.605056,0.04220,0.04339
912797PQ4,Bill,13-Week,05/27/2025,05/29/2025,08/28/2025,98.924431,0.04255,0.04361
912797NL7,Bill,26-Week,05/27/2025,05/29/2025,11/28/2025,97.885333,0.04160,0.04309
912797LW5,Bill,6-Week,05/27/2025,05/29/2025,07/10/2025,99.505917,0.04235,0.04315
912797QB6,Bill,8-Week,05/22/2025,05/27/2025,07/22/2025,99.341222,0.04235,0.04322
912797PT8,Bill,4-Week,05/22/2025,05/27/2025,06/24/2025,99.671778,0.04220,0.04293
912797QV2,Bill,17-Week,05/21/2025,05/27/2025,09/23/2025,98.601750,0.04230,0.04350
912797NX1,Bill,6-Week,05/20/2025,05/22/2025,07/03/2025,99.505917,0.04235,0.04315
912797QR1,Bill,26-Week,05/19/2025,05/22/2025,11/20/2025,97.907000,0.04140,0.04287
912797PP6,Bill,13-Week,05/19/2025,05/22/2025,08/21/2025,98.916847,0.04285,0.04392
912797QA8,Bill,8-Week,05/15/2025,05/20/2025,07/15/2025,99.341222,0.04235,0.04322
912797PS0,Bill,4-Week,05/15/2025,05/20/2025,06/17/2025,99.671778,0.04220,0.04293
912797QU4,Bill,17-Week,05/14/2025,05/20/2025,09/16/2025,98.598444,0.04240,0.04360
912797QN0,Bill,52-Week,05/13/2025,05/15/2025,05/14/2026,96.026333,0.03930,0.04107
912797NW3,Bill,6-Week,05/13/2025,05/15/2025,06/26/2025,99.504750,0.04245,0.04325
912797QQ3,Bill,26-Week,05/12/2025,05/15/2025,11/13/2025,97.924694,0.04105,0.04250
912797PN1,Bill,13-Week,05/12/2025,05/15/2025,08/14/2025,98.913056,0.04300,0.04408
912797PZ4,Bill,8-Week,05/08/2025,05/13/2025,07/08/2025,99.342778,0.04225,0.04312
912797PR2,Bill,4-Week,05/08/2025,05/13/2025,06/10/2025,99.671389,0.04225,0.04298
912797NN3,Bill,16-Day,05/08/2025,05/13/2025,05/29/2025,99.811556,0.04240,0.04307
912797QT7,Bill,17-Week,05/07/2025,05/13/2025,09/09/2025,98.611667,0.04200,0.04318
912797NV5,Bill,6-Week,05/06/2025,05/08/2025,06/20/2025,99.494153,0.04235,0.04316
912797QP5,Bill,26-Week,05/05/2025,05/08/2025,11/06/2025,97.932278,0.04090,0.04234
912797MG9,Bill,13-Week,05/05/2025,05/08/2025,08/07/2025,98.933278,0.04220,0.04325
912797PU5,Bill,8-Week,05/01/2025,05/06/2025,07/01/2025,99.343556,0.04220,0.04307
912797PL5,Bill,4-Week,05/01/2025,05/06/2025,06/03/2025,99.670222,0.04240,0.04313
912797QM2,Bill,17-Week,04/30/2025,05/06/2025,09/02/2025,98.614972,0.04190,0.04308
912797LN5,Bill,6-Week,04/29/2025,05/01/2025,06/12/2025,99.506500,0.04230,0.04310
912797PG6,Bill,13-Week,04/28/2025,05/01/2025,07/31/2025,98.938333,0.04200,0.04304
912797NA1,Bill,26-Week,04/28/2025,05/01/2025,10/30/2025,97.944917,0.04065,0.04208
912797PT8,Bill,8-Week,04/24/2025,04/29/2025,06/24/2025,99.342778,0.04225,0.04312
912797PK7,Bill,4-Week,04/24/2025,04/29/2025,05/27/2025,99.671778,0.04220,0.04293
912797QL4,Bill,17-Week,04/23/2025,04/29/2025,08/26/2025,98.608361,0.04210,0.04329
912797NP8,Bill,6-Week,04/22/2025,04/24/2025,06/05/2025,99.505333,0.04240,0.04320
912797QG5,Bill,26-Week,04/21/2025,04/24/2025,10/23/2025,97.952500,0.04050,0.04192
912797PF8,Bill,13-Week,04/21/2025,04/24/2025,07/24/2025,98.932014,0.04225,0.04330
912797PS0,Bill,8-Week,04/17/2025,04/22/2025,06/17/2025,99.341222,0.04235,0.04322
912797PJ0,Bill,4-Week,04/17/2025,04/22/2025,05/20/2025,99.670222,0.04240,0.04313
912797QK6,Bill,17-Week,04/16/2025,04/22/2025,08/19/2025,98.603403,0.04225,0.04344
912797QD2,Bill,52-Week,04/15/2025,04/17/2025,04/16/2026,96.137556,0.03820,0.03989
912797NN3,Bill,6-Week,04/15/2025,04/17/2025,05/29/2025,99.504750,0.04245,0.04325
912797QF7,Bill,26-Week,04/14/2025,04/17/2025,10/16/2025,97.947444,0.04060,0.04203
912797PE1,Bill,13-Week,04/14/2025,04/17/2025,07/17/2025,98.932014,0.04225,0.04330
912797PR2,Bill,8-Week,04/10/2025,04/15/2025,06/10/2025,99.341222,0.04235,0.04322
912797PH4,Bill,4-Week,04/10/2025,04/15/2025,05/13/2025,99.669833,0.04245,0.04318
912797QJ9,Bill,17-Week,04/09/2025,04/15/2025,08/12/2025,98.595139,0.04250,0.04370
912797NM5,Bill,6-Week,04/08/2025,04/10/2025,05/22/2025,99.502417,0.04265,0.04346
912797QE0,Bill,26-Week,04/07/2025,04/10/2025,10/09/2025,97.977778,0.04000,0.04139
912797PA9,Bill,14-Day,04/07/2025,04/08/2025,04/22/2025,99.832778,0.04300,0.04367
912797LW5,Bill,13-Week,04/07/2025,04/10/2025,07/10/2025,98.944653,0.04175,0.04278
912797PL5,Bill,8-Week,04/03/2025,04/08/2025,06/03/2025,99.340444,0.04240,0.04327
912797PC5,Bill,4-Week,04/03/2025,04/08/2025,05/06/2025,99.670222,0.04240,0.04313
912797QH3,Bill,17-Week,04/02/2025,04/08/2025,08/05/2025,98.611667,0.04200,0.04318
912797LB1,Bill,6-Week,04/01/2025,04/03/2025,05/15/2025,99.504750,0.04245,0.04325
912797KS5,Bill,14-Day,04/01/2025,04/03/2025,04/17/2025,99.834722,0.04250,0.04316
912797NX1,Bill,13-Week,03/31/2025,04/03/2025,07/03/2025,98.937069,0.04205,0.04309
912797MS3,Bill,26-Week,03/31/2025,04/03/2025,10/02/2025,97.942389,0.04070,0.04213
912797PK7,Bill,8-Week,03/27/2025,04/01/2025,05/27/2025,99.339667,0.04245,0.04333
912797PB7,Bill,4-Week,03/27/2025,04/01/2025,04/29/2025,99.671778,0.04220,0.04293
912797QC4,Bill,17-Week,03/26/2025,04/01/2025,07/29/2025,98.611667,0.04200,0.04318
912797NE3,Bill,6-Week,03/25/2025,03/27/2025,05/08/2025,99.506500,0.04230,0.04310
912797PY7,Bill,26-Week,03/24/2025,03/27/2025,09/25/2025,97.934806,0.04085,0.04229
912797NW3,Bill,13-Week,03/24/2025,03/27/2025,06/26/2025,98.940861,0.04190,0.04294
912797PJ0,Bill,8-Week,03/20/2025,03/25/2025,05/20/2025,99.344333,0.04215,0.04302
912797PA9,Bill,4-Week,03/20/2025,03/25/2025,04/22/2025,99.672167,0.04215,0.04288
912797QB6,Bill,17-Week,03/19/2025,03/25/2025,07/22/2025,98.613319,0.04195,0.04313
912797PV3,Bill,52-Week,03/18/2025,03/20/2025,03/19/2026,96.011167,0.03945,0.04124
912797ND5,Bill,6-Week,03/18/2025,03/20/2025,05/01/2025,99.505917,0.04235,0.04315
912797PX9,Bill,26-Week,03/17/2025,03/20/2025,09/18/2025,97.927222,0.04100,0.04245
912797NV5,Bill,13-Week,03/17/2025,03/20/2025,06/20/2025,98.925389,0.04205,0.04310
912797PH4,Bill,8-Week,03/13/2025,03/18/2025,05/13/2025,99.343556,0.04220,0.04307
912797NZ6,Bill,4-Week,03/13/2025,03/18/2025,04/15/2025,99.671389,0.04225,0.04298
912797QA8,Bill,17-Week,03/12/2025,03/18/2025,07/15/2025,98.619931,0.04175,0.04292
912797NC7,Bill,6-Week,03/11/2025,03/13/2025,04/24/2025,99.505917,0.04235,0.04315
912797PW1,Bill,26-Week,03/10/2025,03/13/2025,09/11/2025,97.939861,0.04075,0.04219
912797LN5,Bill,13-Week,03/10/2025,03/13/2025,06/12/2025,98.938333,0.04200,0.04304
912797PC5,Bill,8-Week,03/06/2025,03/11/2025,05/06/2025,99.343556,0.04220,0.04307
912797NY9,Bill,4-Week,03/06/2025,03/11/2025,04/08/2025,99.671000,0.04230,0.04303
912797PZ4,Bill,17-Week,03/05/2025,03/11/2025,07/08/2025,98.618278,0.04180,0.04297
912797NR4,Bill,12-Day,03/04/2025,03/06/2025,03/18/2025,99.858000,0.04260,0.04325
912797KS5,Bill,6-Week,03/04/2025,03/06/2025,04/17/2025,99.505333,0.04240,0.04320
912797NP8,Bill,13-Week,03/03/2025,03/06/2025,06/05/2025,98.935806,0.04210,0.04314
912797MH7,Bill,26-Week,03/03/2025,03/06/2025,09/04/2025,97.909528,0.04135,0.04282
912797PB7,Bill,8-Week,02/27/2025,03/04/2025,04/29/2025,99.341222,0.04235,0.04322
912797NT0,Bill,4-Week,02/27/2025,03/04/2025,04/01/2025,99.670611,0.04235,0.04308
912797PU5,Bill,17-Week,02/26/2025,03/04/2025,07/01/2025,98.611667,0.04200,0.04318
912797NB9,Bill,6-Week,02/25/2025,02/27/2025,04/10/2025,99.506500,0.04230,0.04310
912797PQ4,Bill,26-Week,02/24/2025,02/27/2025,08/28/2025,97.886778,0.04180,0.04330
912797NN3,Bill,13-Week,02/24/2025,02/27/2025,05/29/2025,98.939597,0.04195,0.04299
912797PA9,Bill,8-Week,02/20/2025,02/25/2025,04/22/2025,99.341222,0.04235,0.04322
912797NS2,Bill,4-Week,02/20/2025,02/25/2025,03/25/2025,99.669833,0.04245,0.04318
912797PT8,Bill,17-Week,02/19/2025,02/25/2025,06/24/2025,98.606708,0.04215,0.04334
912797PP6,Bill,26-Week,02/18/2025,02/20/2025,08/21/2025,97.866556,0.04220,0.04372
912797PM3,Bill,52-Week,02/18/2025,02/20/2025,02/19/2026,95.905000,0.04050,0.04237
912797NM5,Bill,13-Week,02/18/2025,02/20/2025,05/22/2025,98.932014,0.04225,0.04330
912797MV6,Bill,6-Week,02/18/2025,02/20/2025,04/03/2025,99.501833,0.04270,0.04351
912797NZ6,Bill,8-Week,02/13/2025,02/18/2025,04/15/2025,99.340444,0.04240,0.04327
912797NR4,Bill,4-Week,02/13/2025,02/18/2025,03/18/2025,99.669444,0.04250,0.04323
912797PS0,Bill,17-Week,02/12/2025,02/18/2025,06/17/2025,98.601750,0.04230,0.04350
912797MU8,Bill,42-Day,02/11/2025,02/13/2025,03/27/2025,99.503000,0.04260,0.04341
912797PN1,Bill,26-Week,02/10/2025,02/13/2025,08/14/2025,97.884250,0.04185,0.04335
912797LB1,Bill,13-Week,02/10/2025,02/13/2025,05/15/2025,98.932014,0.04225,0.04330
912797NY9,Bill,8-Week,02/06/2025,02/11/2025,04/08/2025,99.340444,0.04240,0.04327
912797NQ6,Bill,4-Week,02/06/2025,02/11/2025,03/11/2025,99.669444,0.04250,0.04323
912797PR2,Bill,17-Week,02/05/2025,02/11/2025,06/10/2025,98.610014,0.04205,0.04323
912797KJ5,Bill,42-Day,02/04/2025,02/06/2025,03/20/2025,99.504167,0.04250,0.04330
912797NE3,Bill,13-Week,02/03/2025,02/06/2025,05/08/2025,98.933278,0.04220,0.04325
912797MG9,Bill,26-Week,02/03/2025,02/06/2025,08/07/2025,97.899417,0.04155,0.04303
912797NT0,Bill,8-Week,01/30/2025,02/04/2025,04/01/2025,99.340444,0.04240,0.04327
912797NK9,Bill,4-Week,01/30/2025,02/04/2025,03/04/2025,99.669444,0.04250,0.04323
912797PL5,Bill,17-Week,01/29/2025,02/04/2025,06/03/2025,98.614972,0.04190,0.04308
912797MT1,Bill,42-Day,01/28/2025,01/30/2025,03/13/2025,99.503000,0.04260,0.04341
912797PG6,Bill,26-Week,01/27/2025,01/30/2025,07/31/2025,97.907000,0.04140,0.04287
912797ND5,Bill,13-Week,01/27/2025,01/30/2025,05/01/2025,98.939597,0.04195,0.04299
912797NS2,Bill,8-Week,01/23/2025,01/28/2025,03/25/2025,99.338889,0.04250,0.04338
912797NJ2,Bill,4-Week,01/23/2025,01/28/2025,02/25/2025,99.668278,0.04265,0.04339
912797PK7,Bill,17-Week,01/22/2025,01/28/2025,05/27/2025,98.610014,0.04205,0.04323
912797NJ2,Bill,33-Day,01/22/2025,01/23/2025,02/25/2025,99.609042,0.04265,0.04341
912797PF8,Bill,26-Week,01/21/2025,01/23/2025,07/24/2025,97.894361,0.04165,0.04314
912797PD3,Bill,52-Week,01/21/2025,01/23/2025,01/22/2026,95.930278,0.04025,0.04210
912797NC7,Bill,13-Week,01/21/2025,01/23/2025,04/24/2025,98.934542,0.04215,0.04320
912797MM6,Bill,42-Day,01/21/2025,01/23/2025,03/06/2025,99.504167,0.04250,0.04330
912797NR4,Bill,8-Week,01/16/2025,01/21/2025,03/18/2025,99.341222,0.04235,0.04322
912797NH6,Bill,4-Week,01/16/2025,01/21/2025,02/18/2025,99.670222,0.04240,0.04313
912797PJ0,Bill,17-Week,01/15/2025,01/21/2025,05/20/2025,98.608361,0.04210,0.04329
912797ML8,Bill,42-Day,01/14/2025,01/16/2025,02/27/2025,99.505333,0.04240,0.04320
912797PE1,Bill,26-Week,01/13/2025,01/16/2025,07/17/2025,97.886778,0.04180,0.04330
912797KS5,Bill,13-Week,01/13/2025,01/16/2025,04/17/2025,98.932014,0.04225,0.04330
912797NQ6,Bill,8-Week,01/09/2025,01/14/2025,03/11/2025,99.340444,0.04240,0.04327
912797NG8,Bill,4-Week,01/09/2025,01/14/2025,02/11/2025,99.669833,0.04245,0.04318
912797PH4,Bill,17-Week,01/08/2025,01/14/2025,05/13/2025,98.614972,0.04190,0.04308
912797KA4,Bill,42-Day,01/07/2025,01/09/2025,02/20/2025,99.504750,0.04245,0.04325
912797NB9,Bill,13-Week,01/06/2025,01/09/2025,04/10/2025,98.937069,0.04205,0.04309
912797LW5,Bill,26-Week,01/06/2025,01/09/2025,07/10/2025,97.922167,0.04110,0.04256
912797PC5,Bill,17-Week,01/02/2025,01/07/2025,05/06/2025,98.613319,0.04195,0.04313
912797NK9,Bill,8-Week,01/02/2025,01/07/2025,03/04/2025,99.340444,0.04240,0.04327
912797NF0,Bill,4-Week,01/02/2025,01/07/2025,02/04/2025,99.668278,0.04265,0.04339
912797NX1,Bill,26-Week,12/30/2024,01/02/2025,07/03/2025,97.909528,0.04135,0.04282
912797MV6,Bill,13-Week,12/30/2024,01/02/2025,04/03/2025,98.930750,0.04230,0.04335
912797MK0,Bill,42-Day,12/30/2024,01/02/2025,02/13/2025,99.501833,0.04270,0.04351
912797PB7,Bill,17-Week,12/26/2024,12/31/2024,04/29/2025,98.601750,0.04230,0.04350
912797NJ2,Bill,8-Week,12/26/2024,12/31/2024,02/25/2025,99.336556,0.04265,0.04353
912797MZ7,Bill,4-Week,12/26/2024,12/31/2024,01/28/2025,99.668667,0.04260,0.04334
912797NW3,Bill,26-Week,12/23/2024,12/26/2024,06/26/2025,97.891833,0.04170,0.04319
912797NU7,Bill,52-Week,12/23/2024,12/26/2024,12/26/2025,95.873472,0.04070,0.04259
912797MU8,Bill,13-Week,12/23/2024,12/26/2024,03/27/2025,98.928222,0.04240,0.04345
912797MJ3,Bill,42-Day,12/23/2024,12/26/2024,02/06/2025,99.500667,0.04280,0.04361
912797NH6,Bill,8-Week,12/19/2024,12/24/2024,02/18/2025,99.342000,0.04230,0.04317
912797MY0,Bill,4-Week,12/19/2024,12/24/2024,01/21/2025,99.671000,0.04230,0.04303
912797PA9,Bill,17-Week,12/18/2024,12/24/2024,04/22/2025,98.605056,0.04220,0.04339
912797LZ8,Bill,42-Day,12/17/2024,12/19/2024,01/30/2025,99.501833,0.04270,0.04351
912797NV5,Bill,26-Week,12/16/2024,12/19/2024,06/20/2025,97.885333,0.04160,0.04309
912797KJ5,Bill,13-Week,12/16/2024,12/19/2024,03/20/2025,98.925694,0.04250,0.04356
912797NG8,Bill,8-Week,12/12/2024,12/17/2024,02/11/2025,99.337333,0.04260,0.04348
912797MX2,Bill,4-Week,12/12/2024,12/17/2024,01/14/2025,99.670222,0.04240,0.04313
912797NZ6,Bill,17-Week,12/11/2024,12/17/2024,04/15/2025,98.598444,0.04240,0.04360
912797JR9,Bill,42-Day,12/10/2024,12/12/2024,01/23/2025,99.496000,0.04320,0.04402
912797MT1,Bill,13-Week,12/09/2024,12/12/2024,03/13/2025,98.913056,0.04300,0.04408
912797LN5,Bill,26-Week,12/09/2024,12/12/2024,06/12/2025,97.876667,0.04200,0.04351
912797NF0,Bill,8-Week,12/05/2024,12/10/2024,02/04/2025,99.323333,0.04350,0.04440
912797MW4,Bill,4-Week,12/05/2024,12/10/2024,01/07/2025,99.657778,0.04400,0.04476
912797MN4,Bill,4-Day,12/05/2024,12/06/2024,12/10/2024,99.951222,0.04390,0.04453
912797NY9,Bill,17-Week,12/04/2024,12/10/2024,04/08/2025,98.573653,0.04315,0.04438
912797LY1,Bill,42-Day,12/03/2024,12/05/2024,01/16/2025,99.486667,0.04400,0.04484
912797NP8,Bill,26-Week,12/02/2024,12/05/2024,06/05/2025,97.823583,0.04305,0.04462
912797MM6,Bill,13-Week,12/02/2024,12/05/2024,03/06/2025,98.887778,0.04400,0.04511
912797NT0,Bill,17-Week,11/27/2024,12/03/2024,04/01/2025,98.548861,0.04390,0.04517
912797MZ7,Bill,8-Week,11/27/2024,12/03/2024,01/28/2025,99.300000,0.04500,0.04595
912797MR5,Bill,4-Week,11/27/2024,12/03/2024,12/31/2024,99.646111,0.04550,0.04630
912797NL7,Bill,52-Week,11/26/2024,11/29/2024,11/28/2025,95.763444,0.04190,0.04388
912797LX3,Bill,41-Day,11/26/2024,11/29/2024,01/09/2025,99.484083,0.04530,0.04617
912797NN3,Bill,26-Week,11/25/2024,11/29/2024,05/29/2025,97.817944,0.04340,0.04498
912797ML8,Bill,13-Week,11/25/2024,11/29/2024,02/27/2025,98.896250,0.04415,0.04526
912796ZV4,Bill,30-Day,11/25/2024,11/26/2024,12/26/2024,99.620833,0.04550,0.04631
912797MY0,Bill,8-Week,11/21/2024,11/26/2024,01/21/2025,99.303111,0.04480,0.04574
912797MQ7,Bill,4-Week,11/21/2024,11/26/2024,12/24/2024,99.647667,0.04530,0.04609
912797NS2,Bill,17-Week,11/20/2024,11/26/2024,03/25/2025,98.552167,0.04380,0.04506
912797MR5,Bill,40-Day,11/20/2024,11/21/2024,12/31/2024,99.498333,0.04515,0.04601
912797LR6,Bill,42-Day,11/19/2024,11/21/2024,01/02/2025,99.477333,0.04480,0.04566
912797NM5,Bill,26-Week,11/18/2024,11/21/2024,05/22/2025,97.821056,0.04310,0.04467
912797KA4,Bill,13-Week,11/18/2024,11/21/2024,02/20/2025,98.882722,0.04420,0.04532
912797MX2,Bill,8-Week,11/14/2024,11/19/2024,01/14/2025,99.306222,0.04460,0.04554
912797MP9,Bill,4-Week,11/14/2024,11/19/2024,12/17/2024,99.649222,0.04510,0.04589
912797NR4,Bill,17-Week,11/13/2024,11/19/2024,03/18/2025,98.555472,0.04370,0.04496
912797MK0,Bill,13-Week,11/12/2024,11/14/2024,02/13/2025,98.882722,0.04420,0.04532
912797LB1,Bill,26-Week,11/12/2024,11/14/2024,05/15/2025,97.821056,0.04310,0.04467
912796ZV4,Bill,42-Day,11/12/2024,11/14/2024,12/26/2024,99.468583,0.04555,0.04643
912797MW4,Bill,8-Week,11/07/2024,11/12/2024,01/07/2025,99.301556,0.04490,0.04584
912797MN4,Bill,4-Week,11/07/2024,11/12/2024,12/10/2024,99.648833,0.04515,0.04594
912797NQ6,Bill,17-Week,11/06/2024,11/12/2024,03/11/2025,98.542250,0.04410,0.04537
912797LQ8,Bill,42-Day,11/05/2024,11/07/2024,12/19/2024,99.469167,0.04550,0.04638
912797NE3,Bill,26-Week,11/04/2024,11/07/2024,05/08/2025,97.846333,0.04260,0.04414
912797MJ3,Bill,13-Week,11/04/2024,11/07/2024,02/06/2025,98.877667,0.04440,0.04553
912797MR5,Bill,8-Week,10/31/2024,11/05/2024,12/31/2024,99.291444,0.04555,0.04651
912797ME4,Bill,4-Week,10/31/2024,11/05/2024,12/03/2024,99.643778,0.04580,0.04660
912797NK9,Bill,17-Week,10/30/2024,11/05/2024,03/04/2025,98.535639,0.04430,0.04558
912797NA1,Bill,52-Week,10/29/2024,10/31/2024,10/30/2025,95.854444,0.04100,0.04291
912797LP0,Bill,42-Day,10/29/2024,10/31/2024,12/12/2024,99.459833,0.04630,0.04720
912797ND5,Bill,26-Week,10/28/2024,10/31/2024,05/01/2025,97.813472,0.04325,0.04483
912797LZ8,Bill,13-Week,10/28/2024,10/31/2024,01/30/2025,98.865028,0.04490,0.04605
912797MQ7,Bill,8-Week,10/24/2024,10/29/2024,12/24/2024,99.286000,0.04590,0.04687
912797MD6,Bill,4-Week,10/24/2024,10/29/2024,11/26/2024,99.638333,0.04650,0.04732
912797NJ2,Bill,17-Week,10/23/2024,10/29/2024,02/25/2025,98.530681,0.04445,0.04574
912797LF2,Bill,42-Day,10/22/2024,10/24/2024,12/05/2024,99.457500,0.04650,0.04740
912797NC7,Bill,26-Week,10/21/2024,10/24/2024,04/24/2025,97.821056,0.04310,0.04467
912797JR9,Bill,13-Week,10/21/2024,10/24/2024,01/23/2025,98.859972,0.04510,0.04625
912797MP9,Bill,8-Week,10/17/2024,10/22/2024,12/17/2024,99.279778,0.04630,0.04728
912797MC8,Bill,4-Week,10/17/2024,10/22/2024,11/19/2024,99.634444,0.04700,0.04783
912797NH6,Bill,17-Week,10/16/2024,10/22/2024,02/18/2025,98.538944,0.04420,0.04548
912797LY1,Bill,13-Week,10/15/2024,10/17/2024,01/16/2025,98.858708,0.04515,0.04631
912797KS5,Bill,26-Week,10/15/2024,10/17/2024,04/17/2025,97.841278,0.04270,0.04425
912797HP5,Bill,43-Day,10/15/2024,10/17/2024,11/29/2024,99.440403,0.04685,0.04777
912797MN4,Bill,8-Week,10/10/2024,10/15/2024,12/10/2024,99.278222,0.04640,0.04739
912797MB0,Bill,4-Week,10/10/2024,10/15/2024,11/12/2024,99.630556,0.04750,0.04834
912797NG8,Bill,17-Week,10/09/2024,10/15/2024,02/11/2025,98.535639,0.04430,0.04558
912797LE5,Bill,42-Day,10/08/2024,10/10/2024,11/21/2024,99.449333,0.04720,0.04812
912797NB9,Bill,26-Week,10/07/2024,10/10/2024,04/10/2025,97.823583,0.04305,0.04462
912797LX3,Bill,13-Week,10/07/2024,10/10/2024,01/09/2025,98.849861,0.04550,0.04667
912797ME4,Bill,8-Week,10/03/2024,10/08/2024,12/03/2024,99.275889,0.04655,0.04754
912797MA2,Bill,4-Week,10/03/2024,10/08/2024,11/05/2024,99.630167,0.04755,0.04839
912797NF0,Bill,17-Week,10/02/2024,10/08/2024,02/04/2025,98.542250,0.04410,0.04537
912797MS3,Bill,52-Week,10/01/2024,10/03/2024,10/02/2025,96.178000,0.03780,0.03946
912797LD7,Bill,42-Day,10/01/2024,10/03/2024,11/14/2024,99.445833,0.04750,0.04843
912797MV6,Bill,26-Week,09/30/2024,10/03/2024,04/03/2025,97.869083,0.04215,0.04367
912797LR6,Bill,13-Week,09/30/2024,10/03/2024,01/02/2025,98.862500,0.04500,0.04615
912797MD6,Bill,8-Week,09/26/2024,10/01/2024,11/26/2024,99.276667,0.04650,0.04749
912797LV7,Bill,4-Week,09/26/2024,10/01/2024,10/29/2024,99.634444,0.04700,0.04783
912797MZ7,Bill,17-Week,09/25/2024,10/01/2024,01/28/2025,98.535639,0.04430,0.04558
912797LC9,Bill,42-Day,09/24/2024,09/26/2024,11/07/2024,99.461000,0.04620,0.04710
912797MU8,Bill,26-Week,09/23/2024,09/26/2024,03/27/2025,97.841278,0.04270,0.04425
912796ZV4,Bill,13-Week,09/23/2024,09/26/2024,12/26/2024,98.852389,0.04540,0.04656
912797MC8,Bill,8-Week,09/19/2024,09/24/2024,11/19/2024,99.270444,0.04690,0.04790
912797LU9,Bill,4-Week,09/19/2024,09/24/2024,10/22/2024,99.634444,0.04700,0.04783
912797MY0,Bill,17-Week,09/18/2024,09/24/2024,01/21/2025,98.459611,0.04660,0.04799
912797HE0,Bill,42-Day,09/17/2024,09/19/2024,10/31/2024,99.426000,0.04920,0.05017
912797LQ8,Bill,13-Week,09/16/2024,09/19/2024,12/19/2024,98.799306,0.04750,0.04874
912797KJ5,Bill,26-Week,09/16/2024,09/19/2024,03/20/2025,97.770500,0.04410,0.04573
912797MB0,Bill,8-Week,09/12/2024,09/17/2024,11/12/2024,99.223778,0.04990,0.05099
912797LT2,Bill,4-Week,09/12/2024,09/17/2024,10/15/2024,99.613833,0.04965,0.05053
912797MX2,Bill,17-Week,09/11/2024,09/17/2024,01/14/2025,98.433167,0.04740,0.04882
912797KV8,Bill,42-Day,09/10/2024,09/12/2024,10/24/2024,99.419000,0.04980,0.05079
912797MT1,Bill,26-Week,09/09/2024,09/12/2024,03/13/2025,97.709833,0.04530,0.04701
912797LP0,Bill,13-Week,09/09/2024,09/12/2024,12/12/2024,98.762653,0.04895,0.05025
912797MA2,Bill,8-Week,09/05/2024,09/10/2024,11/05/2024,99.216000,0.05040,0.05150
912797LS4,Bill,4-Week,09/05/2024,09/10/2024,10/08/2024,99.604889,0.05080,0.05171
912797MW4,Bill,17-Week,09/04/2024,09/10/2024,01/07/2025,98.410028,0.04810,0.04956
912797MM6,Bill,26-Week,09/03/2024,09/05/2024,03/06/2025,97.651694,0.04645,0.04823
912797MH7,Bill,52-Week,09/03/2024,09/05/2024,09/04/2025,95.803889,0.04150,0.04345
912797LF2,Bill,13-Week,09/03/2024,09/05/2024,12/05/2024,98.743694,0.04970,0.05103
912797KU0,Bill,42-Day,09/03/2024,09/05/2024,10/17/2024,99.402667,0.05120,0.05222
912797LV7,Bill,8-Week,08/29/2024,09/03/2024,10/29/2024,99.206667,0.05100,0.05212
912797LK1,Bill,4-Week,08/29/2024,09/03/2024,10/01/2024,99.597889,0.05170,0.05263
912797MR5,Bill,17-Week,08/28/2024,09/03/2024,12/31/2024,98.390194,0.04870,0.05018
912797KT3,Bill,42-Day,08/27/2024,08/29/2024,10/10/2024,99.399167,0.05150,0.05253
912797ML8,Bill,26-Week,08/26/2024,08/29/2024,02/27/2025,97.631472,0.04685,0.04865
912797HP5,Bill,13-Week,08/26/2024,08/29/2024,11/29/2024,98.727333,0.04980,0.05114
912797LU9,Bill,8-Week,08/22/2024,08/27/2024,10/22/2024,99.202778,0.05125,0.05238
912797LJ4,Bill,4-Week,08/22/2024,08/27/2024,09/24/2024,99.592444,0.05240,0.05335
912797MQ7,Bill,17-Week,08/21/2024,08/27/2024,12/24/2024,98.373667,0.04920,0.05071
912797KK2,Bill,16-Day,08/21/2024,08/27/2024,09/12/2024,99.766222,0.05260,0.05346
912797GW1,Bill,42-Day,08/20/2024,08/22/2024,10/03/2024,99.395083,0.05185,0.05289
912797LE5,Bill,13-Week,08/19/2024,08/22/2024,11/21/2024,98.722208,0.05055,0.05192
912797KA4,Bill,26-Week,08/19/2024,08/22/2024,02/20/2025,97.588500,0.04770,0.04956
912797LT2,Bill,8-Week,08/15/2024,08/20/2024,10/15/2024,99.195000,0.05175,0.05289
912797LH8,Bill,4-Week,08/15/2024,08/20/2024,09/17/2024,99.590889,0.05260,0.05355
912797MP9,Bill,17-Week,08/14/2024,08/20/2024,12/17/2024,98.353833,0.04980,0.05134
912797KM8,Bill,42-Day,08/13/2024,08/15/2024,09/26/2024,99.389833,0.05230,0.05335
912797MK0,Bill,26-Week,08/12/2024,08/15/2024,02/13/2025,97.575861,0.04795,0.04982
912797LD7,Bill,13-Week,08/12/2024,08/15/2024,11/14/2024,98.718417,0.05070,0.05207
912797LS4,Bill,8-Week,08/08/2024,08/13/2024,10/08/2024,99.192667,0.05190,0.05305
912797LG0,Bill,4-Week,08/08/2024,08/13/2024,09/10/2024,99.588944,0.05285,0.05381
912797MN4,Bill,17-Week,08/07/2024,08/13/2024,12/10/2024,98.350528,0.04990,0.05144
912797MG9,Bill,52-Week,08/06/2024,08/08/2024,08/07/2025,95.697722,0.04255,0.04458
912797KL0,Bill,42-Day,08/06/2024,08/08/2024,09/19/2024,99.385167,0.05270,0.05376
912797MJ3,Bill,26-Week,08/05/2024,08/08/2024,02/06/2025,97.623889,0.04700,0.04881
912797LC9,Bill,13-Week,08/05/2024,08/08/2024,11/07/2024,98.717153,0.05075,0.05212
912797LK1,Bill,8-Week,08/01/2024,08/06/2024,10/01/2024,99.186444,0.05230,0.05346
912797LA3,Bill,4-Week,08/01/2024,08/06/2024,09/03/2024,99.588944,0.05285,0.05381
912797ME4,Bill,17-Week,07/31/2024,08/06/2024,12/03/2024,98.317472,0.05090,0.05249
912797KK2,Bill,42-Day,07/30/2024,08/01/2024,09/12/2024,99.384000,0.05280,0.05387
912797LZ8,Bill,26-Week,07/29/2024,08/01/2024,01/30/2025,97.507611,0.04930,0.05126
912797HE0,Bill,13-Week,07/29/2024,08/01/2024,10/31/2024,98.699458,0.05145,0.05285
912797LJ4,Bill,8-Week,07/25/2024,07/30/2024,09/24/2024,99.181778,0.05260,0.05377
912797KZ9,Bill,4-Week,07/25/2024,07/30/2024,08/27/2024,99.588944,0.05285,0.05381
912797MD6,Bill,17-Week,07/24/2024,07/30/2024,11/26/2024,98.309208,0.05115,0.05275
912797GL5,Bill,42-Day,07/23/2024,07/25/2024,09/05/2024,99.385167,0.05270,0.05376
912797KV8,Bill,13-Week,07/22/2024,07/25/2024,10/24/2024,98.688083,0.05190,0.05332
912797JR9,Bill,26-Week,07/22/2024,07/25/2024,01/23/2025,97.477278,0.04990,0.05190
912797LH8,Bill,8-Week,07/18/2024,07/23/2024,09/17/2024,99.181778,0.05260,0.05377
912797KY2,Bill,4-Week,07/18/2024,07/23/2024,08/20/2024,99.590111,0.05270,0.05365
912797MC8,Bill,17-Week,07/17/2024,07/23/2024,11/19/2024,98.302597,0.05135,0.05296
912797KD8,Bill,42-Day,07/16/2024,07/18/2024,08/29/2024,99.385750,0.05265,0.05371
912797LY1,Bill,26-Week,07/15/2024,07/18/2024,01/16/2025,97.479806,0.04985,0.05185
912797KU0,Bill,13-Week,07/15/2024,07/18/2024,10/17/2024,98.686819,0.05195,0.05337
912797LG0,Bill,8-Week,07/11/2024,07/16/2024,09/10/2024,99.181778,0.05260,0.05377
912797KX4,Bill,4-Week,07/11/2024,07/16/2024,08/13/2024,99.590111,0.05270,0.05365
912797MB0,Bill,17-Week,07/10/2024,07/16/2024,11/12/2024,98.282764,0.05195,0.05359
912797LW5,Bill,52-Week,07/09/2024,07/11/2024,07/10/2025,95.171944,0.04775,0.05024
912797KC0,Bill,42-Day,07/09/2024,07/11/2024,08/22/2024,99.385167,0.05270,0.05376
912797LX3,Bill,26-Week,07/08/2024,07/11/2024,01/09/2025,97.431778,0.05080,0.05286
912797KT3,Bill,13-Week,07/08/2024,07/11/2024,10/10/2024,98.677972,0.05230,0.05374
912797MA2,Bill,17-Week,07/03/2024,07/09/2024,11/05/2024,98.279458,0.05205,0.05370
912797LA3,Bill,8-Week,07/03/2024,07/09/2024,09/03/2024,99.179444,0.05275,0.05393
912797KW6,Bill,4-Week,07/03/2024,07/09/2024,08/06/2024,99.589333,0.05280,0.05375
912797KB2,Bill,41-Day,07/02/2024,07/05/2024,08/15/2024,99.399806,0.05270,0.05375
912797LR6,Bill,26-Week,07/01/2024,07/05/2024,01/02/2025,97.428292,0.05115,0.05323
912797GW1,Bill,13-Week,07/01/2024,07/05/2024,10/03/2024,98.690000,0.05240,0.05383
912797KZ9,Bill,8-Week,06/27/2024,07/02/2024,08/27/2024,99.181778,0.05260,0.05377
912797KR7,Bill,4-Week,06/27/2024,07/02/2024,07/30/2024,99.590111,0.05270,0.05365
912797LV7,Bill,17-Week,06/26/2024,07/02/2024,10/29/2024,98.274500,0.05220,0.05385
912797GK7,Bill,42-Day,06/25/2024,06/27/2024,08/08/2024,99.387500,0.05250,0.05356
912797KM8,Bill,13-Week,06/24/2024,06/27/2024,09/26/2024,98.676708,0.05235,0.05379
912796ZV4,Bill,26-Week,06/24/2024,06/27/2024,12/26/2024,97.401444,0.05140,0.05350
912797LU9,Bill,17-Week,06/20/2024,06/25/2024,10/22/2024,98.274500,0.05220,0.05385
912797KY2,Bill,8-Week,06/20/2024,06/25/2024,08/20/2024,99.181778,0.05260,0.05377
912797KQ9,Bill,4-Week,06/20/2024,06/25/2024,07/23/2024,99.593222,0.05230,0.05324
912797LQ8,Bill,26-Week,06/17/2024,06/20/2024,12/19/2024,97.396389,0.05150,0.05361
912797KL0,Bill,13-Week,06/17/2024,06/20/2024,09/19/2024,98.672917,0.05250,0.05395
912797JU2,Bill,42-Day,06/17/2024,06/20/2024,08/01/2024,99.385167,0.05270,0.05376
912797KX4,Bill,8-Week,06/13/2024,06/18/2024,08/13/2024,99.181000,0.05265,0.05382
912797KP1,Bill,4-Week,06/13/2024,06/18/2024,07/16/2024,99.590889,0.05260,0.05355
912797LT2,Bill,17-Week,06/12/2024,06/18/2024,10/15/2024,98.274500,0.05220,0.05385
912797LN5,Bill,52-Week,06/11/2024,06/13/2024,06/12/2025,95.030389,0.04915,0.05177
912797JT5,Bill,42-Day,06/11/2024,06/13/2024,07/25/2024,99.385167,0.05270,0.05376
912797LP0,Bill,26-Week,06/10/2024,06/13/2024,12/12/2024,97.388806,0.05165,0.05377
912797KK2,Bill,13-Week,06/10/2024,06/13/2024,09/12/2024,98.672917,0.05250,0.05395
912797KW6,Bill,8-Week,06/06/2024,06/11/2024,08/06/2024,99.181000,0.05265,0.05382
912797KN6,Bill,4-Week,06/06/2024,06/11/2024,07/09/2024,99.590111,0.05270,0.05365
912797LS4,Bill,17-Week,06/05/2024,06/11/2024,10/08/2024,98.272847,0.05225,0.05391
912797JS7,Bill,42-Day,06/04/2024,06/06/2024,07/18/2024,99.384583,0.05275,0.05381
912797LF2,Bill,26-Week,06/03/2024,06/06/2024,12/05/2024,97.393861,0.05155,0.05366
912797GL5,Bill,13-Week,06/03/2024,06/06/2024,09/05/2024,98.672917,0.05250,0.05395
912797KR7,Bill,8-Week,05/30/2024,06/04/2024,07/30/2024,99.179444,0.05275,0.05393
912797KH9,Bill,4-Week,05/30/2024,06/04/2024,07/02/2024,99.590111,0.05270,0.05365
912797LK1,Bill,17-Week,05/29/2024,06/04/2024,10/01/2024,98.267889,0.05240,0.05406
912797KD8,Bill,13-Week,05/28/2024,05/30/2024,08/29/2024,98.671653,0.05255,0.05400
912797HP5,Bill,26-Week,05/28/2024,05/30/2024,11/29/2024,97.371917,0.05170,0.05383
912797GB7,Bill,42-Day,05/28/2024,05/30/2024,07/11/2024,99.384583,0.05275,0.05381
912797KQ9,Bill,8-Week,05/23/2024,05/28/2024,07/23/2024,99.179444,0.05275,0.05393
912797KG1,Bill,4-Week,05/23/2024,05/28/2024,06/25/2024,99.590111,0.05270,0.05365
912797LJ4,Bill,17-Week,05/22/2024,05/28/2024,09/24/2024,98.269542,0.05235,0.05401
912796Y52,Bill,43-Day,05/21/2024,05/23/2024,07/05/2024,99.370528,0.05270,0.05377
912797LE5,Bill,26-Week,05/20/2024,05/23/2024,11/21/2024,97.391333,0.05160,0.05372
912797KC0,Bill,13-Week,05/20/2024,05/23/2024,08/22/2024,98.674181,0.05245,0.05389
912797KP1,Bill,8-Week,05/16/2024,05/21/2024,07/16/2024,99.180222,0.05270,0.05387
912797KF3,Bill,4-Week,05/16/2024,05/21/2024,06/18/2024,99.590111,0.05270,0.05365
912797LH8,Bill,17-Week,05/15/2024,05/21/2024,09/17/2024,98.269542,0.05235,0.05401
912797LB1,Bill,52-Week,05/14/2024,05/16/2024,05/15/2025,95.050611,0.04895,0.05155
912796Y45,Bill,42-Day,05/14/2024,05/16/2024,06/27/2024,99.384000,0.05280,0.05387
912797LD7,Bill,26-Week,05/13/2024,05/16/2024,11/14/2024,97.388806,0.05165,0.05377
912797KB2,Bill,13-Week,05/13/2024,05/16/2024,08/15/2024,98.672917,0.05250,0.05395
912797KN6,Bill,8-Week,05/09/2024,05/14/2024,07/09/2024,99.179444,0.05275,0.05393
912797KE6,Bill,4-Week,05/09/2024,05/14/2024,06/11/2024,99.590111,0.05270,0.05365
912797LG0,Bill,17-Week,05/08/2024,05/14/2024,09/10/2024,98.267889,0.05240,0.05406
912796ZW2,Bill,42-Day,05/07/2024,05/09/2024,06/20/2024,99.384000,0.05280,0.05387
912797LC9,Bill,26-Week,05/06/2024,05/09/2024,11/07/2024,97.393861,0.05155,0.05366
912797GK7,Bill,13-Week,05/06/2024,05/09/2024,08/08/2024,98.672917,0.05250,0.05395
912797KH9,Bill,8-Week,05/02/2024,05/07/2024,07/02/2024,99.180222,0.05270,0.05387
912797JZ1,Bill,4-Week,05/02/2024,05/07/2024,06/04/2024,99.589722,0.05275,0.05370
912797LA3,Bill,17-Week,05/01/2024,05/07/2024,09/03/2024,98.266236,0.05245,0.05412
912797FS1,Bill,42-Day,04/30/2024,05/02/2024,06/13/2024,99.383417,0.05285,0.05392
912797JU2,Bill,13-Week,04/29/2024,05/02/2024,08/01/2024,98.672917,0.05250,0.05395
912797HE0,Bill,26-Week,04/29/2024,05/02/2024,10/31/2024,97.388806,0.05165,0.05377
912797KG1,Bill,8-Week,04/25/2024,04/30/2024,06/25/2024,99.179444,0.05275,0.05393
912797JY4,Bill,4-Week,04/25/2024,04/30/2024,05/28/2024,99.589722,0.05275,0.05370
912797KZ9,Bill,17-Week,04/24/2024,04/30/2024,08/27/2024,98.267889,0.05240,0.05406
912797HT7,Bill,42-Day,04/23/2024,04/25/2024,06/06/2024,99.383417,0.05285,0.05392
912797KV8,Bill,26-Week,04/22/2024,04/25/2024,10/24/2024,97.391333,0.05160,0.05372
912797JT5,Bill,13-Week,04/22/2024,04/25/2024,07/25/2024,98.671653,0.05255,0.05400
912797KF3,Bill,8-Week,04/18/2024,04/23/2024,06/18/2024,99.179444,0.05275,0.05393
912797JX6,Bill,4-Week,04/18/2024,04/23/2024,05/21/2024,99.589333,0.05280,0.05375
912797KY2,Bill,17-Week,04/17/2024,04/23/2024,08/20/2024,98.267889,0.05240,0.05406
912797KS5,Bill,52-Week,04/16/2024,04/18/2024,04/17/2025,95.030389,0.04915,0.05177
912797HS9,Bill,42-Day,04/16/2024,04/18/2024,05/30/2024,99.383417,0.05285,0.05392
912797KU0,Bill,26-Week,04/15/2024,04/18/2024,10/17/2024,97.393861,0.05155,0.05366
912797JS7,Bill,13-Week,04/15/2024,04/18/2024,07/18/2024,98.672917,0.05250,0.05395
912797KE6,Bill,8-Week,04/11/2024,04/16/2024,06/11/2024,99.180222,0.05270,0.05387
912797JW8,Bill,4-Week,04/11/2024,04/16/2024,05/14/2024,99.590111,0.05270,0.05365
912797KX4,Bill,17-Week,04/10/2024,04/16/2024,08/13/2024,98.271194,0.05230,0.05396
912797HR1,Bill,42-Day,04/09/2024,04/11/2024,05/23/2024,99.384583,0.05275,0.05381
912797KT3,Bill,26-Week,04/08/2024,04/11/2024,10/10/2024,97.411556,0.05120,0.05329
912797GB7,Bill,13-Week,04/08/2024,04/11/2024,07/11/2024,98.679236,0.05225,0.05368
912797JZ1,Bill,8-Week,04/04/2024,04/09/2024,06/04/2024,99.181778,0.05260,0.05377
912797JV0,Bill,4-Week,04/04/2024,04/09/2024,05/07/2024,99.590500,0.05265,0.05360
912797KW6,Bill,17-Week,04/03/2024,04/09/2024,08/06/2024,98.281111,0.05200,0.05364
912797FH5,Bill,42-Day,04/02/2024,04/04/2024,05/16/2024,99.384000,0.05280,0.05387
912797GW1,Bill,26-Week,04/01/2024,04/04/2024,10/03/2024,97.409028,0.05125,0.05334
912796Y52,Bill,13-Week,04/01/2024,04/04/2024,07/05/2024,98.663444,0.05230,0.05374
912797JY4,Bill,8-Week,03/28/2024,04/02/2024,05/28/2024,99.179444,0.05275,0.05393
912797JQ1,Bill,4-Week,03/28/2024,04/02/2024,04/30/2024,99.588944,0.05285,0.05381
912797KR7,Bill,17-Week,03/27/2024,04/02/2024,07/30/2024,98.279458,0.05205,0.05370
912797HQ3,Bill,42-Day,03/26/2024,03/28/2024,05/09/2024,99.384000,0.05280,0.05387
912797KM8,Bill,26-Week,03/25/2024,03/28/2024,09/26/2024,97.419139,0.05105,0.05313
912796Y45,Bill,13-Week,03/25/2024,03/28/2024,06/27/2024,98.677972,0.05230,0.05374
912797JX6,Bill,8-Week,03/21/2024,03/26/2024,05/21/2024,99.180222,0.05270,0.05387
912797JP3,Bill,4-Week,03/21/2024,03/26/2024,04/23/2024,99.590111,0.05270,0.05365
912797KQ9,Bill,17-Week,03/20/2024,03/26/2024,07/23/2024,98.276153,0.05215,0.05380
912797KJ5,Bill,52-Week,03/19/2024,03/21/2024,03/20/2025,95.136556,0.04810,0.05062
912797HH3,Bill,42-Day,03/19/2024,03/21/2024,05/02/2024,99.384000,0.05280,0.05387
912797KL0,Bill,26-Week,03/18/2024,03/21/2024,09/19/2024,97.406500,0.05130,0.05340
912796ZW2,Bill,13-Week,03/18/2024,03/21/2024,06/20/2024,98.674181,0.05245,0.05389
912797JW8,Bill,8-Week,03/14/2024,03/19/2024,05/14/2024,99.179444,0.05275,0.05393
912797JN8,Bill,4-Week,03/14/2024,03/19/2024,04/16/2024,99.589333,0.05280,0.05375
912797KP1,Bill,17-Week,03/13/2024,03/19/2024,07/16/2024,98.277806,0.05210,0.05375
912797HG5,Bill,42-Day,03/12/2024,03/14/2024,04/25/2024,99.383417,0.05285,0.05392
912797KK2,Bill,26-Week,03/11/2024,03/14/2024,09/12/2024,97.421667,0.05100,0.05308
912797FS1,Bill,13-Week,03/11/2024,03/14/2024,06/13/2024,98.672917,0.05250,0.05395
912797JV0,Bill,8-Week,03/07/2024,03/12/2024,05/07/2024,99.178667,0.05280,0.05398
912797JM0,Bill,4-Week,03/07/2024,03/12/2024,04/09/2024,99.589333,0.05280,0.05375
912797KN6,Bill,17-Week,03/06/2024,03/12/2024,07/09/2024,98.279458,0.05205,0.05370
912796CX5,Bill,42-Day,03/05/2024,03/07/2024,04/18/2024,99.383417,0.05285,0.05392
912797HT7,Bill,13-Week,03/04/2024,03/07/2024,06/06/2024,98.675444,0.05240,0.05384
912797GL5,Bill,26-Week,03/04/2024,03/07/2024,09/05/2024,97.419139,0.05105,0.05313
912797JQ1,Bill,8-Week,02/29/2024,03/05/2024,04/30/2024,99.177889,0.05285,0.05403
912797JL2,Bill,4-Week,02/29/2024,03/05/2024,04/02/2024,99.588944,0.05285,0.05381
912797KH9,Bill,17-Week,02/28/2024,03/05/2024,07/02/2024,98.272847,0.05225,0.05391
912797HF7,Bill,42-Day,02/27/2024,02/29/2024,04/11/2024,99.382833,0.05290,0.05397
912797KD8,Bill,26-Week,02/26/2024,02/29/2024,08/29/2024,97.406500,0.05130,0.05340
912797HS9,Bill,13-Week,02/26/2024,02/29/2024,05/30/2024,98.671653,0.05255,0.05400
912797JP3,Bill,8-Week,02/22/2024,02/27/2024,04/23/2024,99.179444,0.05275,0.05407
912797JK4,Bill,4-Week,02/22/2024,02/27/2024,03/26/2024,99.588944,0.05285,0.05395
912797KG1,Bill,17-Week,02/21/2024,02/27/2024,06/25/2024,98.276153,0.05215,0.05395
912797KC0,Bill,26-Week,02/20/2024,02/22/2024,08/22/2024,97.421667,0.05100,0.05322
912797KA4,Bill,52-Week,02/20/2024,02/22/2024,02/20/2025,95.252833,0.04695,0.04950
912797HR1,Bill,13-Week,02/20/2024,02/22/2024,05/23/2024,98.677972,0.05230,0.05388
912797GZ4,Bill,42-Day,02/20/2024,02/22/2024,04/04/2024,99.384000,0.05280,0.05401
912797JN8,Bill,8-Week,02/15/2024,02/20/2024,04/16/2024,99.180222,0.05270,0.05402
912797JJ7,Bill,4-Week,02/15/2024,02/20/2024,03/19/2024,99.589333,0.05280,0.05390
912797KF3,Bill,17-Week,02/14/2024,02/20/2024,06/18/2024,98.276153,0.05215,0.05395
912797GY7,Bill,42-Day,02/13/2024,02/15/2024,03/28/2024,99.384000,0.05280,0.05401
912797KB2,Bill,26-Week,02/12/2024,02/15/2024,08/15/2024,97.439361,0.05065,0.05285
912797FH5,Bill,13-Week,02/12/2024,02/15/2024,05/16/2024,98.677972,0.05230,0.05388
912797JM0,Bill,8-Week,02/08/2024,02/13/2024,04/09/2024,99.180222,0.05270,0.05402
912797JH1,Bill,4-Week,02/08/2024,02/13/2024,03/12/2024,99.589333,0.05280,0.05390
912797KE6,Bill,17-Week,02/07/2024,02/13/2024,06/11/2024,98.287722,0.05180,0.05358
912797LL9,Bill,42-Day,02/06/2024,02/08/2024,03/21/2024,99.384000,0.05280,0.05401
912797HQ3,Bill,13-Week,02/05/2024,02/08/2024,05/09/2024,98.676708,0.05235,0.05394
912797GK7,Bill,26-Week,02/05/2024,02/08/2024,08/08/2024,97.449472,0.05045,0.05263
912797JL2,Bill,8-Week,02/01/2024,02/06/2024,04/02/2024,99.181000,0.05265,0.05397
912797JG3,Bill,4-Week,02/01/2024,02/06/2024,03/05/2024,99.589333,0.05280,0.05390
912797JZ1,Bill,17-Week,01/31/2024,02/06/2024,06/04/2024,98.297639,0.05150,0.05327
912797GX9,Bill,42-Day,01/30/2024,02/01/2024,03/14/2024,99.384000,0.05280,0.05401
912797JU2,Bill,26-Week,01/29/2024,02/01/2024,08/01/2024,97.479806,0.04985,0.05199
912797HH3,Bill,13-Week,01/29/2024,02/01/2024,05/02/2024,98.683028,0.05210,0.05368
912797JK4,Bill,8-Week,01/25/2024,01/30/2024,03/26/2024,99.179444,0.05275,0.05407
912797JF5,Bill,4-Week,01/25/2024,01/30/2024,02/27/2024,99.589333,0.05280,0.05390
912797JY4,Bill,17-Week,01/24/2024,01/30/2024,05/28/2024,98.286069,0.05185,0.05363
912797JR9,Bill,52-Week,01/23/2024,01/25/2024,01/23/2025,95.379222,0.04570,0.04814
912797GQ4,Bill,42-Day,01/23/2024,01/25/2024,03/07/2024,99.384000,0.05280,0.05401
912797JT5,Bill,26-Week,01/22/2024,01/25/2024,07/25/2024,97.462111,0.05020,0.05237
912797HG5,Bill,13-Week,01/22/2024,01/25/2024,04/25/2024,98.679236,0.05225,0.05383
912797JJ7,Bill,8-Week,01/18/2024,01/23/2024,03/19/2024,99.179444,0.05275,0.05407
912797JE8,Bill,4-Week,01/18/2024,01/23/2024,02/20/2024,99.588944,0.05285,0.05395
912797JX6,Bill,17-Week,01/17/2024,01/23/2024,05/21/2024,98.286069,0.05185,0.05363
912797JS7,Bill,26-Week,01/16/2024,01/18/2024,07/18/2024,97.484861,0.04975,0.05188
912797GP6,Bill,42-Day,01/16/2024,01/18/2024,02/29/2024,99.383417,0.05285,0.05406
912796CX5,Bill,13-Week,01/16/2024,01/18/2024,04/18/2024,98.679236,0.05225,0.05383
912797JH1,Bill,8-Week,01/11/2024,01/16/2024,03/12/2024,99.179444,0.05275,0.05407
912797JD0,Bill,4-Week,01/11/2024,01/16/2024,02/13/2024,99.589333,0.05280,0.05390
912797JW8,Bill,17-Week,01/10/2024,01/16/2024,05/14/2024,98.287722,0.05180,0.05358
912796Z28,Bill,42-Day,01/09/2024,01/11/2024,02/22/2024,99.384000,0.05280,0.05401
912797HF7,Bill,13-Week,01/08/2024,01/11/2024,04/11/2024,98.676708,0.05235,0.05394
912797GB7,Bill,26-Week,01/08/2024,01/11/2024,07/11/2024,97.457056,0.05030,0.05247
912797JG3,Bill,8-Week,01/04/2024,01/09/2024,03/05/2024,99.177889,0.05285,0.05418
912797JC2,Bill,4-Week,01/04/2024,01/09/2024,02/06/2024,99.588556,0.05290,0.05400
912797JV0,Bill,17-Week,01/03/2024,01/09/2024,05/07/2024,98.281111,0.05200,0.05379
912797GZ4,Bill,13-Week,01/02/2024,01/04/2024,04/04/2024,98.674181,0.05245,0.05404
912797GN1,Bill,42-Day,01/02/2024,01/04/2024,02/15/2024,99.382833,0.05290,0.05412
912796Y52,Bill,26-Week,01/02/2024,01/04/2024,07/05/2024,97.435458,0.05045,0.05264
912797JF5,Bill,8-Week,12/28/2023,01/02/2024,02/27/2024,99.177889,0.05285,0.05418
912797JB4,Bill,4-Week,12/28/2023,01/02/2024,01/30/2024,99.585833,0.05325,0.05436
912797JQ1,Bill,17-Week,12/27/2023,01/02/2024,04/30/2024,98.277806,0.05210,0.05390
912797GM3,Bill,42-Day,12/27/2023,12/28/2023,02/08/2024,99.384000,0.05280,0.05401
912797GY7,Bill,13-Week,12/26/2023,12/28/2023,03/28/2024,98.670389,0.05260,0.05420
912796ZV4,Bill,52-Week,12/26/2023,12/28/2023,12/26/2024,95.353944,0.04595,0.04841
912796Y45,Bill,26-Week,12/26/2023,12/28/2023,06/27/2024,97.431778,0.05080,0.05301
912797JE8,Bill,8-Week,12/21/2023,12/26/2023,02/20/2024,99.180222,0.05270,0.05402
912797JA6,Bill,4-Week,12/21/2023,12/26/2023,01/23/2024,99.590500,0.05265,0.05375
912797JP3,Bill,17-Week,12/20/2023,12/26/2023,04/23/2024,98.274500,0.05220,0.05400
912797GE1,Bill,42-Day,12/19/2023,12/21/2023,02/01/2024,99.385167,0.05270,0.05391
912797LL9,Bill,13-Week,12/18/2023,12/21/2023,03/21/2024,98.670389,0.05260,0.05420
912796ZW2,Bill,26-Week,12/18/2023,12/21/2023,06/20/2024,97.406500,0.05130,0.05354
912797JD0,Bill,8-Week,12/14/2023,12/19/2023,02/13/2024,99.179444,0.05275,0.05407
912797HZ3,Bill,4-Week,12/14/2023,12/19/2023,01/16/2024,99.590111,0.05270,0.05380
912797JN8,Bill,17-Week,12/13/2023,12/19/2023,04/16/2024,98.264583,0.05250,0.05432
912796ZY8,Bill,42-Day,12/12/2023,12/14/2023,01/25/2024,99.383417,0.05285,0.05406
912797GX9,Bill,13-Week,12/11/2023,12/14/2023,03/14/2024,98.670389,0.05260,0.05420
912797FS1,Bill,26-Week,12/11/2023,12/14/2023,06/13/2024,97.376167,0.05190,0.05419
912797JC2,Bill,8-Week,12/07/2023,12/12/2023,02/06/2024,99.179444,0.05275,0.05407
912797HY6,Bill,4-Week,12/07/2023,12/12/2023,01/09/2024,99.588944,0.05285,0.05395
912797JM0,Bill,17-Week,12/06/2023,12/12/2023,04/09/2024,98.267889,0.05240,0.05421
912797GD3,Bill,42-Day,12/05/2023,12/07/2023,01/18/2024,99.383417,0.05285,0.05406
912797HT7,Bill,26-Week,12/04/2023,12/07/2023,06/06/2024,97.376167,0.05190,0.05419
912797GQ4,Bill,13-Week,12/04/2023,12/07/2023,03/07/2024,98.672917,0.05250,0.05409
912797JB4,Bill,8-Week,11/30/2023,12/05/2023,01/30/2024,99.178667,0.05280,0.05412
912797HX8,Bill,4-Week,11/30/2023,12/05/2023,01/02/2024,99.588556,0.05290,0.05400
912797JL2,Bill,17-Week,11/29/2023,12/05/2023,04/02/2024,98.267889,0.05240,0.05421
912797HP5,Bill,52-Week,11/28/2023,11/30/2023,11/29/2024,94.996458,0.04935,0.05214
912797GC5,Bill,42-Day,11/28/2023,11/30/2023,01/11/2024,99.383417,0.05285,0.05406
912797HS9,Bill,26-Week,11/27/2023,11/30/2023,05/30/2024,97.350889,0.05240,0.05472
912797GP6,Bill,13-Week,11/27/2023,11/30/2023,02/29/2024,98.665333,0.05280,0.05441
912797JK4,Bill,17-Week,11/22/2023,11/28/2023,03/26/2024,98.261278,0.05260,0.05442
912797JA6,Bill,8-Week,11/22/2023,11/28/2023,01/23/2024,99.178667,0.05280,0.05412
912797HW0,Bill,4-Week,11/22/2023,11/28/2023,12/26/2023,99.587778,0.05300,0.05411
912797FW2,Bill,41-Day,11/21/2023,11/24/2023,01/04/2024,99.398097,0.05285,0.05406
912797HR1,Bill,26-Week,11/20/2023,11/24/2023,05/23/2024,97.370472,0.05230,0.05461
912796Z28,Bill,13-Week,11/20/2023,11/24/2023,02/22/2024,98.682500,0.05270,0.05429
912797HZ3,Bill,8-Week,11/16/2023,11/21/2023,01/16/2024,99.178667,0.05280,0.05412
912797HV2,Bill,4-Week,11/16/2023,11/21/2023,12/19/2023,99.588556,0.05290,0.05400
912797JJ7,Bill,17-Week,11/15/2023,11/21/2023,03/19/2024,98.262931,0.05255,0.05437
912796ZN2,Bill,42-Day,11/14/2023,11/16/2023,12/28/2023,99.382833,0.05290,0.05412
912797GN1,Bill,13-Week,11/13/2023,11/16/2023,02/15/2024,98.664069,0.05285,0.05446
912797FH5,Bill,26-Week,11/13/2023,11/16/2023,05/16/2024,97.335722,0.05270,0.05504
912797HY6,Bill,8-Week,11/09/2023,11/14/2023,01/09/2024,99.177889,0.05285,0.05418
912797HU4,Bill,4-Week,11/09/2023,11/14/2023,12/12/2023,99.588556,0.05290,0.05400
912797JH1,Bill,17-Week,11/08/2023,11/14/2023,03/12/2024,98.253014,0.05285,0.05469
912797FV4,Bill,42-Day,11/07/2023,11/09/2023,12/21/2023,99.382833,0.05290,0.05412
912797HQ3,Bill,26-Week,11/06/2023,11/09/2023,05/09/2024,97.340778,0.05260,0.05494
912797GM3,Bill,13-Week,11/06/2023,11/09/2023,02/08/2024,98.664069,0.05285,0.05446
912797HX8,Bill,8-Week,11/02/2023,11/07/2023,01/02/2024,99.175556,0.05300,0.05433
912797HN0,Bill,4-Week,11/02/2023,11/07/2023,12/05/2023,99.588556,0.05290,0.05400
912797JG3,Bill,17-Week,11/01/2023,11/07/2023,03/05/2024,98.234833,0.05340,0.05527
912797HE0,Bill,52-Week,10/31/2023,11/02/2023,10/31/2024,94.807944,0.05135,0.05433
912797FU6,Bill,42-Day,10/31/2023,11/02/2023,12/14/2023,99.382250,0.05295,0.05417
912797HH3,Bill,26-Week,10/30/2023,11/02/2023,05/02/2024,97.310444,0.05320,0.05558
912797GE1,Bill,13-Week,10/30/2023,11/02/2023,02/01/2024,98.653958,0.05325,0.05488
912797HW0,Bill,8-Week,10/26/2023,10/31/2023,12/26/2023,99.170889,0.05330,0.05464
912797HM2,Bill,4-Week,10/26/2023,10/31/2023,11/28/2023,99.588167,0.05295,0.05406
912797JF5,Bill,17-Week,10/25/2023,10/31/2023,02/27/2024,98.236486,0.05335,0.05521
912797FT9,Bill,42-Day,10/24/2023,10/26/2023,12/07/2023,99.381667,0.05300,0.05422
912797HG5,Bill,26-Week,10/23/2023,10/26/2023,04/25/2024,97.307917,0.05325,0.05564
912796ZY8,Bill,13-Week,10/23/2023,10/26/2023,01/25/2024,98.657750,0.05310,0.05472
912797HV2,Bill,8-Week,10/19/2023,10/24/2023,12/19/2023,99.171667,0.05325,0.05459
912797HL4,Bill,4-Week,10/19/2023,10/24/2023,11/21/2023,99.587389,0.05305,0.05416
912797JE8,Bill,17-Week,10/18/2023,10/24/2023,02/20/2024,98.229875,0.05355,0.05542
912796ZD4,Bill,42-Day,10/17/2023,10/19/2023,11/30/2023,99.378750,0.05325,0.05448
912797GD3,Bill,13-Week,10/16/2023,10/19/2023,01/18/2024,98.650167,0.05340,0.05503
912796CX5,Bill,26-Week,10/16/2023,10/19/2023,04/18/2024,97.302861,0.05335,0.05574
912797HU4,Bill,8-Week,10/12/2023,10/17/2023,12/12/2023,99.168556,0.05345,0.05480
912797HK6,Bill,4-Week,10/12/2023,10/17/2023,11/14/2023,99.585833,0.05325,0.05436
912797JD0,Bill,17-Week,10/11/2023,10/17/2023,02/13/2024,98.229875,0.05355,0.05542
912797HF7,Bill,26-Week,10/10/2023,10/12/2023,04/11/2024,97.310444,0.05320,0.05558
912797GC5,Bill,13-Week,10/10/2023,10/12/2023,01/11/2024,98.650167,0.05340,0.05503
912797FL6,Bill,43-Day,10/10/2023,10/12/2023,11/24/2023,99.359778,0.05360,0.05484
912797HN0,Bill,8-Week,10/05/2023,10/10/2023,12/05/2023,99.167000,0.05355,0.05490
912797HJ9,Bill,4-Week,10/05/2023,10/10/2023,11/07/2023,99.587000,0.05310,0.05421
912797JC2,Bill,17-Week,10/04/2023,10/10/2023,02/06/2024,98.231528,0.05350,0.05537
912797GW1,Bill,52-Week,10/03/2023,10/05/2023,10/03/2024,94.757389,0.05185,0.05488
912797FK8,Bill,42-Day,10/03/2023,10/05/2023,11/16/2023,99.378167,0.05330,0.05453
912797GZ4,Bill,26-Week,10/02/2023,10/05/2023,04/04/2024,97.300333,0.05340,0.05580
912797FW2,Bill,13-Week,10/02/2023,10/05/2023,01/04/2024,98.648903,0.05345,0.05509
912797HM2,Bill,8-Week,09/28/2023,10/03/2023,11/28/2023,99.170889,0.05330,0.05464
912797HD2,Bill,4-Week,09/28/2023,10/03/2023,10/31/2023,99.588556,0.05290,0.05400
912797JB4,Bill,17-Week,09/27/2023,10/03/2023,01/30/2024,98.233181,0.05345,0.05532
912797FJ1,Bill,42-Day,09/26/2023,09/28/2023,11/09/2023,99.382833,0.05290,0.05412
912797GY7,Bill,26-Week,09/25/2023,09/28/2023,03/28/2024,97.312972,0.05315,0.05553
912796ZN2,Bill,13-Week,09/25/2023,09/28/2023,12/28/2023,98.652694,0.05330,0.05493
912797HL4,Bill,8-Week,09/21/2023,09/26/2023,11/21/2023,99.175556,0.05300,0.05433
912797HC4,Bill,4-Week,09/21/2023,09/26/2023,10/24/2023,99.589333,0.05280,0.05390
912797JA6,Bill,17-Week,09/20/2023,09/26/2023,01/23/2024,98.234833,0.05340,0.05527
912796YT0,Bill,42-Day,09/19/2023,09/21/2023,11/02/2023,99.383417,0.05285,0.05406
912797LL9,Bill,26-Week,09/18/2023,09/21/2023,03/21/2024,97.320556,0.05300,0.05537
912797FV4,Bill,13-Week,09/18/2023,09/21/2023,12/21/2023,98.656486,0.05315,0.05477
912797HK6,Bill,8-Week,09/14/2023,09/19/2023,11/14/2023,99.176333,0.05295,0.05428
912797HB6,Bill,4-Week,09/14/2023,09/19/2023,10/17/2023,99.588944,0.05285,0.05395
912797HZ3,Bill,17-Week,09/13/2023,09/19/2023,01/16/2024,98.238139,0.05330,0.05516
912797FC6,Bill,42-Day,09/12/2023,09/14/2023,10/26/2023,99.383417,0.05285,0.05406
912797GX9,Bill,26-Week,09/11/2023,09/14/2023,03/14/2024,97.320556,0.05300,0.05537
912797FU6,Bill,13-Week,09/11/2023,09/14/2023,12/14/2023,98.656486,0.05315,0.05477
912797HJ9,Bill,8-Week,09/07/2023,09/12/2023,11/07/2023,99.177111,0.05290,0.05423
912797HA8,Bill,4-Week,09/07/2023,09/12/2023,10/10/2023,99.589333,0.05280,0.05390
912797HY6,Bill,17-Week,09/06/2023,09/12/2023,01/09/2024,98.236486,0.05335,0.05521
912797GQ4,Bill,26-Week,09/05/2023,09/07/2023,03/07/2024,97.320556,0.05300,0.05537
912797GL5,Bill,52-Week,09/05/2023,09/07/2023,09/05/2024,94.823111,0.05120,0.05417
912797FT9,Bill,13-Week,09/05/2023,09/07/2023,12/07/2023,98.656486,0.05315,0.05477
912797FB8,Bill,42-Day,09/05/2023,09/07/2023,10/19/2023,99.383417,0.05285,0.05406
912797HD2,Bill,8-Week,08/31/2023,09/05/2023,10/31/2023,99.177111,0.05290,0.05423
912797GV3,Bill,4-Week,08/31/2023,09/05/2023,10/03/2023,99.589333,0.05280,0.05390
912797HX8,Bill,17-Week,08/30/2023,09/05/2023,01/02/2024,98.238139,0.05330,0.05516
912797FA0,Bill,42-Day,08/29/2023,08/31/2023,10/12/2023,99.382833,0.05290,0.05412
912797GP6,Bill,26-Week,08/28/2023,08/31/2023,02/29/2024,97.295278,0.05350,0.05590
912796ZD4,Bill,13-Week,08/28/2023,08/31/2023,11/30/2023,98.650167,0.05340,0.05503
912797HC4,Bill,8-Week,08/24/2023,08/29/2023,10/24/2023,99.177111,0.05290,0.05423
912797GU5,Bill,4-Week,08/24/2023,08/29/2023,09/26/2023,99.588944,0.05285,0.05395
912797HW0,Bill,17-Week,08/23/2023,08/29/2023,12/26/2023,98.243097,0.05315,0.05500
912796YJ2,Bill,42-Day,08/22/2023,08/24/2023,10/05/2023,99.384000,0.05280,0.05401
912797FL6,Bill,13-Week,08/21/2023,08/24/2023,11/24/2023,98.645556,0.05300,0.05462
912796Z28,Bill,26-Week,08/21/2023,08/24/2023,02/22/2024,97.323083,0.05295,0.05531
912797HB6,Bill,8-Week,08/17/2023,08/22/2023,10/17/2023,99.178667,0.05280,0.05412
912797GT8,Bill,4-Week,08/17/2023,08/22/2023,09/19/2023,99.589333,0.05280,0.05390
912797GJ0,Bill,7-Day,08/17/2023,08/22/2023,08/29/2023,99.898500,0.05220,0.05312
912797HV2,Bill,17-Week,08/16/2023,08/22/2023,12/19/2023,98.246403,0.05305,0.05490
912796CS6,Bill,42-Day,08/15/2023,08/17/2023,09/28/2023,99.383417,0.05285,0.05406
912797GN1,Bill,26-Week,08/14/2023,08/17/2023,02/15/2024,97.325611,0.05290,0.05526
912797FK8,Bill,13-Week,08/14/2023,08/17/2023,11/16/2023,98.661542,0.05295,0.05456
912797HA8,Bill,8-Week,08/10/2023,08/15/2023,10/10/2023,99.178667,0.05280,0.05412
912797GS0,Bill,4-Week,08/10/2023,08/15/2023,09/12/2023,99.589333,0.05280,0.05390
912797HU4,Bill,17-Week,08/09/2023,08/15/2023,12/12/2023,98.244750,0.05310,0.05495
912797GK7,Bill,52-Week,08/08/2023,08/10/2023,08/08/2024,94.883778,0.05060,0.05351
912796CR8,Bill,42-Day,08/08/2023,08/10/2023,09/21/2023,99.384583,0.05275,0.05396
912797GM3,Bill,26-Week,08/07/2023,08/10/2023,02/08/2024,97.338250,0.05265,0.05499
912797FJ1,Bill,13-Week,08/07/2023,08/10/2023,11/09/2023,98.662806,0.05290,0.05451
912797GV3,Bill,8-Week,08/03/2023,08/08/2023,10/03/2023,99.177889,0.05285,0.05418
912797GR2,Bill,4-Week,08/03/2023,08/08/2023,09/05/2023,99.589722,0.05275,0.05385
912797HN0,Bill,17-Week,08/02/2023,08/08/2023,12/05/2023,98.248056,0.05300,0.05484
912796CQ0,Bill,42-Day,08/01/2023,08/03/2023,09/14/2023,99.384000,0.05280,0.05401
912797GE1,Bill,26-Week,07/31/2023,08/03/2023,02/01/2024,97.335722,0.05270,0.05504
912796YT0,Bill,13-Week,07/31/2023,08/03/2023,11/02/2023,98.665333,0.05280,0.05441
912797GU5,Bill,8-Week,07/27/2023,08/01/2023,09/26/2023,99.177889,0.05285,0.05418
912797GJ0,Bill,4-Week,07/27/2023,08/01/2023,08/29/2023,99.589722,0.05275,0.05385
912797HM2,Bill,17-Week,07/26/2023,08/01/2023,11/28/2023,98.248056,0.05300,0.05484
912796YH6,Bill,42-Day,07/25/2023,07/27/2023,09/07/2023,99.384583,0.05275,0.05396
912797FC6,Bill,13-Week,07/24/2023,07/27/2023,10/26/2023,98.667861,0.05270,0.05430
912796ZY8,Bill,26-Week,07/24/2023,07/27/2023,01/25/2024,97.335722,0.05270,0.05504
912797GT8,Bill,8-Week,07/20/2023,07/25/2023,09/19/2023,99.182556,0.05255,0.05387
912797GH4,Bill,4-Week,07/20/2023,07/25/2023,08/22/2023,99.591278,0.05255,0.05365
912797HL4,Bill,17-Week,07/19/2023,07/25/2023,11/21/2023,98.257972,0.05270,0.05453
912796Z51,Bill,42-Day,07/18/2023,07/20/2023,08/31/2023,99.388667,0.05240,0.05360
912797GD3,Bill,26-Week,07/17/2023,07/20/2023,01/18/2024,97.345833,0.05250,0.05483
912797FB8,Bill,13-Week,07/17/2023,07/20/2023,10/19/2023,98.672917,0.05250,0.05409
912797GS0,Bill,8-Week,07/13/2023,07/18/2023,09/12/2023,99.186444,0.05230,0.05361
912797GG6,Bill,4-Week,07/13/2023,07/18/2023,08/15/2023,99.594778,0.05210,0.05318
912797HK6,Bill,17-Week,07/12/2023,07/18/2023,11/14/2023,98.261278,0.05260,0.05442
912797GB7,Bill,52-Week,07/11/2023,07/13/2023,07/11/2024,94.813000,0.05130,0.05428
912796Z44,Bill,42-Day,07/11/2023,07/13/2023,08/24/2023,99.392167,0.05210,0.05329
912797GC5,Bill,26-Week,07/10/2023,07/13/2023,01/11/2024,97.335722,0.05270,0.05504
912797FA0,Bill,13-Week,07/10/2023,07/13/2023,10/12/2023,98.672917,0.05250,0.05409
912797GR2,Bill,8-Week,07/06/2023,07/11/2023,09/05/2023,99.191111,0.05200,0.05330
912797GF8,Bill,4-Week,07/06/2023,07/11/2023,08/08/2023,99.599444,0.05150,0.05257
912797HJ9,Bill,17-Week,07/05/2023,07/11/2023,11/07/2023,98.264583,0.05250,0.05432
912797FW2,Bill,26-Week,07/03/2023,07/06/2023,01/04/2024,97.340778,0.05260,0.05494
912796Z36,Bill,42-Day,07/03/2023,07/06/2023,08/17/2023,99.396833,0.05170,0.05288
912796YJ2,Bill,13-Week,07/03/2023,07/06/2023,10/05/2023,98.677972,0.05230,0.05388
912797GJ0,Bill,8-Week,06/29/2023,07/05/2023,08/29/2023,99.207083,0.05190,0.05319
912797GA9,Bill,4-Week,06/29/2023,07/05/2023,08/01/2023,99.618625,0.05085,0.05190
912797HD2,Bill,17-Week,06/28/2023,07/05/2023,10/31/2023,98.287361,0.05225,0.05405
912796XY0,Bill,42-Day,06/27/2023,06/29/2023,08/10/2023,99.404417,0.05105,0.05221
912796ZN2,Bill,26-Week,06/26/2023,06/29/2023,12/28/2023,97.363528,0.05215,0.05445
912796CS6,Bill,13-Week,06/26/2023,06/29/2023,09/28/2023,98.690611,0.05180,0.05336
912797GH4,Bill,8-Week,06/22/2023,06/27/2023,08/22/2023,99.200444,0.05140,0.05268
912797FZ5,Bill,4-Week,06/22/2023,06/27/2023,07/25/2023,99.610333,0.05010,0.05113
912797HC4,Bill,17-Week,06/21/2023,06/27/2023,10/24/2023,98.274500,0.05220,0.05400
912797FV4,Bill,26-Week,06/20/2023,06/22/2023,12/21/2023,97.386278,0.05170,0.05397
912796Y37,Bill,42-Day,06/20/2023,06/22/2023,08/03/2023,99.408500,0.05070,0.05185
912796CR8,Bill,13-Week,06/20/2023,06/22/2023,09/21/2023,98.703250,0.05130,0.05284
912797GG6,Bill,8-Week,06/15/2023,06/20/2023,08/15/2023,99.209778,0.05080,0.05206
912797FY8,Bill,4-Week,06/15/2023,06/20/2023,07/18/2023,99.610333,0.05010,0.05113
912797HB6,Bill,17-Week,06/14/2023,06/20/2023,10/17/2023,98.297639,0.05150,0.05327
912797FS1,Bill,52-Week,06/13/2023,06/15/2023,06/13/2024,95.015222,0.04930,0.05208
912796Y29,Bill,42-Day,06/13/2023,06/15/2023,07/27/2023,99.414333,0.05020,0.05134
912797FU6,Bill,26-Week,06/12/2023,06/15/2023,12/14/2023,97.393861,0.05155,0.05381
912796CQ0,Bill,13-Week,06/12/2023,06/15/2023,09/14/2023,98.698194,0.05150,0.05305
912797GF8,Bill,8-Week,06/08/2023,06/13/2023,08/08/2023,99.203556,0.05120,0.05247
912797FX0,Bill,4-Week,06/08/2023,06/13/2023,07/11/2023,99.604111,0.05090,0.05195
912797HA8,Bill,17-Week,06/07/2023,06/13/2023,10/10/2023,98.281111,0.05200,0.05379
912797FT9,Bill,26-Week,06/05/2023,06/08/2023,12/07/2023,97.345833,0.05250,0.05483
912796ZZ5,Bill,44-Day,06/05/2023,06/06/2023,07/20/2023,99.370556,0.05150,0.05269
912796YH6,Bill,13-Week,06/05/2023,06/08/2023,09/07/2023,98.680500,0.05220,0.05378
912797FM4,Bill,1-Day,06/02/2023,06/05/2023,06/06/2023,99.985944,0.05060,0.05145
912796XQ7,Bill,38-Day,06/02/2023,06/05/2023,07/13/2023,99.445833,0.05250,0.05367
912797MF1,Bill,3-Day,06/01/2023,06/02/2023,06/05/2023,99.948750,0.06150,0.06256
912797GA9,Bill,8-Week,06/01/2023,06/06/2023,08/01/2023,99.188000,0.05220,0.05350
912797FR3,Bill,4-Week,06/01/2023,06/06/2023,07/05/2023,99.586750,0.05130,0.05237
912797GV3,Bill,17-Week,05/31/2023,06/06/2023,10/03/2023,98.239792,0.05325,0.05511
912797FJ1,Bill,161-Day,05/30/2023,06/01/2023,11/09/2023,97.611833,0.05340,0.05562
912796ZD4,Bill,26-Week,05/30/2023,06/01/2023,11/30/2023,97.325611,0.05290,0.05526
912796Z51,Bill,13-Week,05/30/2023,06/01/2023,08/31/2023,98.660278,0.05300,0.05462
912797FZ5,Bill,8-Week,05/25/2023,05/30/2023,07/25/2023,99.167778,0.05350,0.05485
912797FQ5,Bill,4-Week,05/25/2023,05/30/2023,06/27/2023,99.552778,0.05750,0.05872
912797GU5,Bill,17-Week,05/24/2023,05/30/2023,09/26/2023,98.261278,0.05260,0.05442
912796X53,Bill,21-Day,05/23/2023,05/25/2023,06/15/2023,99.638333,0.06200,0.06326
912797FL6,Bill,26-Week,05/22/2023,05/25/2023,11/24/2023,97.371917,0.05170,0.05398
912796Z44,Bill,13-Week,05/22/2023,05/25/2023,08/24/2023,98.672917,0.05250,0.05409
912797FY8,Bill,8-Week,05/18/2023,05/23/2023,07/18/2023,99.219111,0.05020,0.05144
912797FP7,Bill,4-Week,05/18/2023,05/23/2023,06/20/2023,99.582333,0.05370,0.05482
912797FC6,Bill,156-Day,05/18/2023,05/23/2023,10/26/2023,97.733667,0.05230,0.05440
912797GT8,Bill,17-Week,05/17/2023,05/23/2023,09/19/2023,98.314167,0.05100,0.05274
912797FH5,Bill,52-Week,05/16/2023,05/18/2023,05/16/2024,95.303389,0.04645,0.04896
912797FB8,Bill,154-Day,05/16/2023,05/18/2023,10/19/2023,97.829028,0.05075,0.05274
912797FK8,Bill,26-Week,05/15/2023,05/18/2023,11/16/2023,97.482333,0.04980,0.05194
912796Z36,Bill,13-Week,05/15/2023,05/18/2023,08/17/2023,98.720944,0.05060,0.05211
912797FX0,Bill,8-Week,05/11/2023,05/16/2023,07/11/2023,99.272000,0.04680,0.04793
912797FN2,Bill,4-Week,05/11/2023,05/16/2023,06/13/2023,99.564056,0.05605,0.05723
912797FA0,Bill,149-Day,05/11/2023,05/16/2023,10/12/2023,97.914000,0.05040,0.05233
912797GS0,Bill,17-Week,05/10/2023,05/16/2023,09/12/2023,98.347222,0.05000,0.05169
912797FJ1,Bill,26-Week,05/08/2023,05/11/2023,11/09/2023,97.527833,0.04890,0.05098
912796XY0,Bill,13-Week,05/08/2023,05/11/2023,08/10/2023,98.700722,0.05140,0.05294
912797FR3,Bill,8-Week,05/04/2023,05/09/2023,07/05/2023,99.145000,0.05400,0.05537
912797FM4,Bill,4-Week,05/04/2023,05/09/2023,06/06/2023,99.545778,0.05840,0.05964
912797GR2,Bill,17-Week,05/03/2023,05/09/2023,09/05/2023,98.353833,0.04980,0.05148
912796ZF9,Bill,21-Day,05/02/2023,05/04/2023,05/25/2023,99.738083,0.04490,0.04577
912796YT0,Bill,26-Week,05/01/2023,05/04/2023,11/02/2023,97.522778,0.04900,0.05108
912796Y37,Bill,13-Week,05/01/2023,05/04/2023,08/03/2023,98.705778,0.05120,0.05274
912797FQ5,Bill,8-Week,04/27/2023,05/02/2023,06/27/2023,99.231556,0.04940,0.05061
912797FG7,Bill,4-Week,04/27/2023,05/02/2023,05/30/2023,99.702111,0.03830,0.03905
912796W47,Bill,17-Day,04/27/2023,05/01/2023,05/18/2023,99.794583,0.04350,0.04432
912797GJ0,Bill,17-Week,04/26/2023,05/02/2023,08/29/2023,98.355486,0.04975,0.05142
912797FC6,Bill,26-Week,04/24/2023,04/27/2023,10/26/2023,97.553111,0.04840,0.05044
912796Y29,Bill,13-Week,04/24/2023,04/27/2023,07/27/2023,98.719681,0.05065,0.05216
912797FP7,Bill,8-Week,04/20/2023,04/25/2023,06/20/2023,99.245556,0.04850,0.04968
912797FF9,Bill,4-Week,04/20/2023,04/25/2023,05/23/2023,99.751889,0.03190,0.03251
912797GH4,Bill,17-Week,04/19/2023,04/25/2023,08/22/2023,98.327389,0.05060,0.05232
912796CX5,Bill,52-Week,04/18/2023,04/20/2023,04/18/2024,95.419667,0.04530,0.04770
912797FB8,Bill,26-Week,04/17/2023,04/20/2023,10/19/2023,97.537944,0.04870,0.05076
912796ZZ5,Bill,13-Week,04/17/2023,04/20/2023,07/20/2023,98.715889,0.05080,0.05232
912797FN2,Bill,8-Week,04/13/2023,04/18/2023,06/13/2023,99.254889,0.04790,0.04906
912797FE2,Bill,4-Week,04/13/2023,04/18/2023,05/16/2023,99.686556,0.04030,0.04110
912797GG6,Bill,17-Week,04/12/2023,04/18/2023,08/15/2023,98.353833,0.04980,0.05148
912797FA0,Bill,26-Week,04/10/2023,04/13/2023,10/12/2023,97.575861,0.04795,0.04996
912796XQ7,Bill,13-Week,04/10/2023,04/13/2023,07/13/2023,98.741167,0.04980,0.05128
912797FM4,Bill,8-Week,04/06/2023,04/11/2023,06/06/2023,99.276667,0.04650,0.04762
912797FD4,Bill,4-Week,04/06/2023,04/11/2023,05/09/2023,99.654667,0.04440,0.04530
912797GF8,Bill,17-Week,04/05/2023,04/11/2023,08/08/2023,98.429861,0.04750,0.04906
912796ZS1,Bill,13-Week,04/03/2023,04/06/2023,07/06/2023,98.791722,0.04780,0.04919
912796YJ2,Bill,26-Week,04/03/2023,04/06/2023,10/05/2023,97.621361,0.04705,0.04900
912797FG7,Bill,8-Week,03/30/2023,04/04/2023,05/30/2023,99.284444,0.04600,0.04710
912796CW7,Bill,4-Week,03/30/2023,04/04/2023,05/02/2023,99.642222,0.04600,0.04693
912797GA9,Bill,17-Week,03/29/2023,04/04/2023,08/01/2023,98.419944,0.04780,0.04938
912797LM7,Bill,17-Day,03/28/2023,03/31/2023,04/17/2023,99.778056,0.04700,0.04789
912796YN3,Bill,7-Day,03/28/2023,03/30/2023,04/06/2023,99.921250,0.04050,0.04121
912796ZR3,Bill,13-Week,03/27/2023,03/30/2023,06/29/2023,98.818264,0.04675,0.04810
912796CS6,Bill,26-Week,03/27/2023,03/30/2023,09/28/2023,97.649167,0.04650,0.04841
912797FF9,Bill,8-Week,03/23/2023,03/28/2023,05/23/2023,99.315556,0.04400,0.04504
912796CV9,Bill,4-Week,03/23/2023,03/28/2023,04/25/2023,99.677222,0.04150,0.04233
912797FZ5,Bill,17-Week,03/22/2023,03/28/2023,07/25/2023,98.411681,0.04805,0.04964
912797LL9,Bill,52-Week,03/21/2023,03/23/2023,03/21/2024,95.561222,0.04390,0.04617
912796ZQ5,Bill,13-Week,03/20/2023,03/23/2023,06/22/2023,98.818264,0.04675,0.04810
912796CR8,Bill,26-Week,03/20/2023,03/23/2023,09/21/2023,97.664333,0.04620,0.04809
912797FE2,Bill,8-Week,03/17/2023,03/21/2023,05/16/2023,99.307778,0.04450,0.04556
912796CU1,Bill,4-Week,03/17/2023,03/21/2023,04/18/2023,99.671778,0.04220,0.04304
912797FY8,Bill,17-Week,03/15/2023,03/21/2023,07/18/2023,98.429861,0.04750,0.04906
912796X53,Bill,13-Week,03/13/2023,03/16/2023,06/15/2023,98.799306,0.04750,0.04888
912796CQ0,Bill,26-Week,03/13/2023,03/16/2023,09/14/2023,97.623889,0.04700,0.04895
912797FD4,Bill,8-Week,03/09/2023,03/14/2023,05/09/2023,99.250222,0.04820,0.04937
912796CT4,Bill,4-Week,03/09/2023,03/14/2023,04/11/2023,99.639111,0.04640,0.04734
912797FX0,Bill,17-Week,03/08/2023,03/14/2023,07/11/2023,98.332347,0.05045,0.05216
912796ZP7,Bill,13-Week,03/06/2023,03/09/2023,06/08/2023,98.795514,0.04765,0.04903
912796YH6,Bill,26-Week,03/06/2023,03/09/2023,09/07/2023,97.487389,0.04970,0.05183
912796Z93,Bill,4-Week,03/02/2023,03/07/2023,04/04/2023,99.643000,0.04590,0.04683
912796CW7,Bill,8-Week,03/02/2023,03/07/2023,05/02/2023,99.275889,0.04655,0.04767
912797FR3,Bill,17-Week,03/01/2023,03/07/2023,07/05/2023,98.371667,0.04885,0.05049
912796ZG7,Bill,13-Week,02/27/2023,03/02/2023,06/01/2023,98.799306,0.04750,0.04888
912796Z51,Bill,26-Week,02/27/2023,03/02/2023,08/31/2023,97.502556,0.04940,0.05151
912796Z85,Bill,4-Week,02/23/2023,02/28/2023,03/28/2023,99.648833,0.04515,0.04594
912796YL7,Bill,16-Day,02/23/2023,02/28/2023,03/16/2023,99.801778,0.04460,0.04531
912796CV9,Bill,8-Week,02/23/2023,02/28/2023,04/25/2023,99.275111,0.04660,0.04759
912797FQ5,Bill,17-Week,02/22/2023,02/28/2023,06/27/2023,98.403417,0.04830,0.04977
912796ZF9,Bill,13-Week,02/21/2023,02/23/2023,05/25/2023,98.806889,0.04720,0.04843
912796Z44,Bill,26-Week,02/21/2023,02/23/2023,08/24/2023,97.515194,0.04915,0.05110
912796Z28,Bill,52-Week,02/21/2023,02/23/2023,02/22/2024,95.151722,0.04795,0.05046
912796Z77,Bill,4-Week,02/16/2023,02/21/2023,03/21/2023,99.649222,0.04510,0.04589
912796CU1,Bill,8-Week,02/16/2023,02/21/2023,04/18/2023,99.276667,0.04650,0.04749
912797FP7,Bill,17-Week,02/15/2023,02/21/2023,06/20/2023,98.413333,0.04800,0.04945
912796Y78,Bill,12-Day,02/14/2023,02/16/2023,02/28/2023,99.848667,0.04540,0.04610
912796Z36,Bill,26-Week,02/13/2023,02/16/2023,08/17/2023,97.553111,0.04840,0.05030
912796W47,Bill,13-Week,02/13/2023,02/16/2023,05/18/2023,98.817000,0.04680,0.04802
912796Z69,Bill,4-Week,02/09/2023,02/14/2023,03/14/2023,99.648444,0.04520,0.04599
912796CT4,Bill,8-Week,02/09/2023,02/14/2023,04/11/2023,99.284444,0.04600,0.04698
912797FN2,Bill,17-Week,02/08/2023,02/14/2023,06/13/2023,98.446389,0.04700,0.04840
912796ZE2,Bill,13-Week,02/06/2023,02/09/2023,05/11/2023,98.839750,0.04590,0.04708
912796XY0,Bill,26-Week,02/06/2023,02/09/2023,08/10/2023,97.596083,0.04755,0.04940
912796Z93,Bill,8-Week,02/02/2023,02/07/2023,04/04/2023,99.299222,0.04505,0.04600
912796Y86,Bill,4-Week,02/02/2023,02/07/2023,03/07/2023,99.650778,0.04490,0.04568
912797FM4,Bill,17-Week,02/01/2023,02/07/2023,06/06/2023,98.471181,0.04625,0.04762
912796YW3,Bill,13-Week,01/30/2023,02/02/2023,05/04/2023,98.838486,0.04595,0.04714
912796Y37,Bill,26-Week,01/30/2023,02/02/2023,08/03/2023,97.634000,0.04680,0.04860
912796Z85,Bill,8-Week,01/26/2023,01/31/2023,03/28/2023,99.296111,0.04525,0.04620
912796Y78,Bill,4-Week,01/26/2023,01/31/2023,02/28/2023,99.650000,0.04500,0.04579
912797FG7,Bill,17-Week,01/25/2023,01/31/2023,05/30/2023,98.472833,0.04620,0.04757
912796ZY8,Bill,52-Week,01/24/2023,01/26/2023,01/25/2024,95.480333,0.04470,0.04692
912796YV5,Bill,13-Week,01/23/2023,01/26/2023,04/27/2023,98.843542,0.04575,0.04693
912796Y29,Bill,26-Week,01/23/2023,01/26/2023,07/27/2023,97.631472,0.04685,0.04865
912796Z77,Bill,8-Week,01/19/2023,01/24/2023,03/21/2023,99.296889,0.04520,0.04615
912796YK9,Bill,44-Day,01/19/2023,01/24/2023,03/09/2023,99.446944,0.04525,0.04613
912796Y60,Bill,4-Week,01/19/2023,01/24/2023,02/21/2023,99.651556,0.04480,0.04558
912797FF9,Bill,17-Week,01/18/2023,01/24/2023,05/23/2023,98.476139,0.04610,0.04746
912796ZZ5,Bill,26-Week,01/17/2023,01/19/2023,07/20/2023,97.631472,0.04685,0.04865
912796V48,Bill,13-Week,01/17/2023,01/19/2023,04/20/2023,98.847333,0.04560,0.04677
912796ZU6,Bill,4-Week,01/12/2023,01/17/2023,02/14/2023,99.660111,0.04370,0.04446
912796Z69,Bill,8-Week,01/12/2023,01/17/2023,03/14/2023,99.305444,0.04465,0.04559
912796T33,Bill,35-Day,01/12/2023,01/19/2023,02/23/2023,99.563472,0.04490,0.04572
912797FE2,Bill,17-Week,01/11/2023,01/17/2023,05/16/2023,98.453000,0.04680,0.04820
912796YU7,Bill,13-Week,01/09/2023,01/12/2023,04/13/2023,98.847333,0.04560,0.04677
912796XQ7,Bill,26-Week,01/09/2023,01/12/2023,07/13/2023,97.618833,0.04710,0.04892
912796ZT9,Bill,4-Week,01/05/2023,01/10/2023,02/07/2023,99.681111,0.04100,0.04170
912796Y86,Bill,8-Week,01/05/2023,01/10/2023,03/07/2023,99.310889,0.04430,0.04523
912797FD4,Bill,17-Week,01/04/2023,01/10/2023,05/09/2023,98.489361,0.04570,0.04705
912796ZS1,Bill,26-Week,01/03/2023,01/05/2023,07/06/2023,97.656750,0.04635,0.04812
912796YN3,Bill,13-Week,01/03/2023,01/05/2023,04/06/2023,98.885250,0.04410,0.04522
912796ZM4,Bill,4-Week,12/29/2022,01/03/2023,01/31/2023,99.702111,0.03830,0.03895
912796Y78,Bill,8-Week,12/29/2022,01/03/2023,02/28/2023,99.338889,0.04250,0.04338
912796CW7,Bill,17-Week,12/28/2022,01/03/2023,05/02/2023,98.495972,0.04550,0.04684
912796ZR3,Bill,26-Week,12/27/2022,12/29/2022,06/29/2023,97.674444,0.04600,0.04775
912796ZN2,Bill,52-Week,12/27/2022,12/29/2022,12/28/2023,95.434833,0.04515,0.04741
912796YM5,Bill,13-Week,12/27/2022,12/29/2022,03/30/2023,98.900417,0.04350,0.04459
912796ZL6,Bill,4-Week,12/22/2022,12/27/2022,01/24/2023,99.719222,0.03610,0.03670
912796Y60,Bill,8-Week,12/22/2022,12/27/2022,02/21/2023,99.380111,0.03985,0.04066
912796CV9,Bill,17-Week,12/21/2022,12/27/2022,04/25/2023,98.537292,0.04425,0.04553
912796ZQ5,Bill,26-Week,12/19/2022,12/22/2022,06/22/2023,97.699722,0.04550,0.04722
912796U31,Bill,13-Week,12/19/2022,12/22/2022,03/23/2023,98.915583,0.04290,0.04397
912796ZU6,Bill,8-Week,12/15/2022,12/20/2022,02/14/2023,99.368444,0.04060,0.04143
912796ZK8,Bill,4-Week,12/15/2022,12/20/2022,01/17/2023,99.706000,0.03780,0.03844
912796CU1,Bill,17-Week,12/14/2022,12/20/2022,04/18/2023,98.532333,0.04440,0.04569
912796YL7,Bill,13-Week,12/12/2022,12/15/2022,03/16/2023,98.920639,0.04270,0.04377
912796X53,Bill,26-Week,12/12/2022,12/15/2022,06/15/2023,97.659278,0.04630,0.04807
912796ZT9,Bill,8-Week,12/08/2022,12/13/2022,02/07/2023,99.387111,0.03940,0.04019
912796ZJ1,Bill,4-Week,12/08/2022,12/13/2022,01/10/2023,99.716111,0.03650,0.03711
912796CT4,Bill,17-Week,12/07/2022,12/13/2022,04/11/2023,98.545556,0.04400,0.04527
912796ZP7,Bill,26-Week,12/05/2022,12/08/2022,06/08/2023,97.689611,0.04570,0.04743
912796YK9,Bill,13-Week,12/05/2022,12/08/2022,03/09/2023,98.920639,0.04270,0.04377
912796ZM4,Bill,8-Week,12/01/2022,12/06/2022,01/31/2023,99.365333,0.04080,0.04163
912796ZH5,Bill,4-Week,12/01/2022,12/06/2022,01/03/2023,99.692778,0.03950,0.04017
912796Z93,Bill,17-Week,11/30/2022,12/06/2022,04/04/2023,98.535639,0.04430,0.04558
912796ZD4,Bill,52-Week,11/29/2022,12/01/2022,11/30/2023,95.394389,0.04555,0.04784
912796ZG7,Bill,26-Week,11/28/2022,12/01/2022,06/01/2023,97.699722,0.04550,0.04722
912796YB9,Bill,13-Week,11/28/2022,12/01/2022,03/02/2023,98.916847,0.04285,0.04392
912796ZL6,Bill,8-Week,11/23/2022,11/29/2022,01/24/2023,99.359111,0.04120,0.04204
912796ZA0,Bill,4-Week,11/23/2022,11/29/2022,12/27/2022,99.691222,0.03970,0.04038
912796Z85,Bill,17-Week,11/23/2022,11/29/2022,03/28/2023,98.545556,0.04400,0.04527
912796ZF9,Bill,26-Week,11/21/2022,11/25/2022,05/25/2023,97.727444,0.04520,0.04689
912796T33,Bill,13-Week,11/21/2022,11/25/2022,02/23/2023,98.945000,0.04220,0.04324
912796ZK8,Bill,8-Week,11/17/2022,11/22/2022,01/17/2023,99.374667,0.04020,0.04101
912796YZ6,Bill,4-Week,11/17/2022,11/22/2022,12/20/2022,99.704833,0.03795,0.03859
912796X61,Bill,16-Day,11/17/2022,11/22/2022,12/08/2022,99.831111,0.03800,0.03859
912796Z77,Bill,17-Week,11/16/2022,11/22/2022,03/21/2023,98.572000,0.04320,0.04443
912796YA1,Bill,13-Week,11/14/2022,11/17/2022,02/16/2023,98.949708,0.04155,0.04257
912796W47,Bill,26-Week,11/14/2022,11/17/2022,05/18/2023,97.755333,0.04440,0.04605
912796ZJ1,Bill,8-Week,11/10/2022,11/15/2022,01/10/2023,99.401111,0.03850,0.03927
912796YY9,Bill,4-Week,11/10/2022,11/15/2022,12/13/2022,99.721556,0.03580,0.03640
912796Z69,Bill,17-Week,11/09/2022,11/15/2022,03/14/2023,98.578611,0.04300,0.04423
912796ZE2,Bill,26-Week,11/07/2022,11/10/2022,05/11/2023,97.730056,0.04490,0.04658
912796XZ7,Bill,13-Week,11/07/2022,11/10/2022,02/09/2023,98.958556,0.04120,0.04221
912796ZH5,Bill,8-Week,11/03/2022,11/08/2022,01/03/2023,99.396444,0.03880,0.03958
912796YX1,Bill,4-Week,11/03/2022,11/08/2022,12/06/2022,99.718444,0.03620,0.03681
912796Y86,Bill,17-Week,11/02/2022,11/08/2022,03/07/2023,98.585222,0.04280,0.04402
912796YT0,Bill,52-Week,11/01/2022,11/03/2022,11/02/2023,95.444944,0.04505,0.04730
912796YW3,Bill,26-Week,10/31/2022,11/03/2022,05/04/2023,97.755333,0.04440,0.04605
912796XT1,Bill,13-Week,10/31/2022,11/03/2022,02/02/2023,98.971194,0.04070,0.04169
912796ZA0,Bill,8-Week,10/27/2022,11/01/2022,12/27/2022,99.405778,0.03820,0.03896
912796YS2,Bill,4-Week,10/27/2022,11/01/2022,11/29/2022,99.720000,0.03600,0.03660
912796Y78,Bill,17-Week,10/26/2022,11/01/2022,02/28/2023,98.618278,0.04180,0.04297
912796YV5,Bill,26-Week,10/24/2022,10/27/2022,04/27/2023,97.780611,0.04390,0.04552
912796S34,Bill,13-Week,10/24/2022,10/27/2022,01/26/2023,98.988889,0.04000,0.04097
912796YZ6,Bill,8-Week,10/20/2022,10/25/2022,12/20/2022,99.426000,0.03690,0.03763
912796YR4,Bill,4-Week,10/20/2022,10/25/2022,11/22/2022,99.733222,0.03430,0.03487
912796Y60,Bill,17-Week,10/19/2022,10/25/2022,02/21/2023,98.631500,0.04140,0.04256
912796XS3,Bill,13-Week,10/17/2022,10/20/2022,01/19/2023,99.034389,0.03820,0.03911
912796V48,Bill,26-Week,10/17/2022,10/20/2022,04/20/2023,97.853917,0.04245,0.04398
912796YY9,Bill,8-Week,10/13/2022,10/18/2022,12/13/2022,99.458667,0.03480,0.03548
912796YQ6,Bill,4-Week,10/13/2022,10/18/2022,11/15/2022,99.747222,0.03250,0.03303
912796ZU6,Bill,119-Day,10/12/2022,10/18/2022,02/14/2023,98.714139,0.03890,0.03995
912796YU7,Bill,26-Week,10/11/2022,10/13/2022,04/13/2023,97.962611,0.04030,0.04171
912796XR5,Bill,13-Week,10/11/2022,10/13/2022,01/12/2023,99.112750,0.03510,0.03591
912796YX1,Bill,8-Week,10/06/2022,10/11/2022,12/06/2022,99.497556,0.03230,0.03291
912796YP8,Bill,4-Week,10/06/2022,10/11/2022,11/08/2022,99.772889,0.02920,0.02967
912796ZT9,Bill,119-Day,10/05/2022,10/11/2022,02/07/2023,98.776944,0.03700,0.03798
912796YJ2,Bill,52-Week,10/04/2022,10/06/2022,10/05/2023,96.001056,0.03955,0.04134
912796YN3,Bill,26-Week,10/03/2022,10/06/2022,04/06/2023,98.053611,0.03850,0.03981
912796X95,Bill,13-Week,10/03/2022,10/06/2022,01/05/2023,99.155722,0.03340,0.03415
